date,TSLA
2010-06-30,-0.002511488739401102
2010-07-01,-0.0784725472331047
2010-07-02,-0.12568299472332
2010-07-06,-0.1609375029802322
2010-07-07,-0.01924273185431957
2010-07-08,0.10506322234869
2010-07-09,-0.003436395665630698
2010-07-12,-0.020114965736866
2010-07-13,0.06392963230609894
2010-07-14,0.0937155932188034
2010-07-15,0.002520122798159719
2010-07-16,0.03770739212632179
2010-07-19,0.06153103336691856
2010-07-20,-0.0734824538230896
2010-07-21,-0.003940883092582226
2010-07-22,0.03857570141553879
2010-07-23,0.0138095673173666
2010-07-26,-0.01596994511783123
2010-07-27,-0.01909315027296543
2010-07-28,0.008272510021924973
2010-07-29,-0.01785709150135517
2010-07-30,-0.0201474130153656
2010-08-02,0.04914741963148117
2010-08-03,0.04923521354794502
2010-08-04,-0.03143510222434998
2010-08-05,-0.03809969127178192
2010-08-06,-0.04205381870269775
2010-08-09,0.0005104761803522706
2010-08-10,-0.02908161655068398
2010-08-11,-0.05937997996807098
2010-08-12,-0.01675973460078239
2010-08-13,0.0409090518951416
2010-08-16,0.02510922402143478
2010-08-17,0.0197017528116703
2010-08-18,-0.01984329894185066
2010-08-19,0.001065554446540773
2010-08-20,0.01649810746312141
2010-08-23,0.05392663553357124
2010-08-24,-0.04619962349534035
2010-08-25,0.03645827248692513
2010-08-26,-0.007537669502198696
2010-08-27,-0.002531606936827302
2010-08-30,0.008629444986581802
2010-08-31,-0.01962764374911785
2010-09-01,0.04979472607374191
2010-09-02,0.02982878684997559
2010-09-03,-0.0004748446808662266
2010-09-07,-0.02422794885933399
2010-09-08,0.01752671226859093
2010-09-09,-0.009090934880077839
2010-09-10,-0.02607431262731552
2010-09-13,0.0272681824862957
2010-09-14,0.01930509321391582
2010-09-15,0.04071963578462601
2010-09-16,-0.04731569811701775
2010-09-17,-0.03390644490718842
2010-09-20,0.04078105837106705
2010-09-21,-0.01353596989065409
2010-09-22,-0.04333170875906944
2010-09-23,-0.01560147758573294
2010-09-24,0.02760740928351879
2010-09-27,0.02139304950833321
2010-09-28,0.04237695410847664
2010-09-29,0.02710280008614063
2010-09-30,-0.0716560035943985
2010-10-01,0.009556465782225132
2010-10-04,0.01893200911581516
2010-10-05,0.006193476263433695
2010-10-06,-0.03125008195638657
2010-10-07,-0.001466216053813696
2010-10-08,0.0
2010-10-11,-0.00930007454007864
2010-10-12,0.0
2010-10-13,0.01482219155877829
2010-10-14,0.01022390834987164
2010-10-15,-0.01012043748050928
2010-10-18,-0.01509256847202778
2010-10-19,-0.00889769196510315
2010-10-20,0.02992520667612553
2010-10-21,0.004842633381485939
2010-10-22,-0.001445816247723997
2010-10-25,0.006274182815104723
2010-10-26,0.02446044236421585
2010-10-27,-0.01685396023094654
2010-10-28,0.009047644212841988
2010-10-29,0.03067482821643353
2010-11-01,-0.01968865841627121
2010-11-02,-0.00747313629835844
2010-11-03,0.0244706105440855
2010-11-04,0.1437757909297943
2010-11-05,-0.01847385987639427
2010-11-08,0.02209488488733768
2010-11-09,-0.01401122473180294
2010-11-10,0.1920422911643982
2010-11-11,-0.0451294519007206
2010-11-12,0.06438381969928741
2010-11-15,0.03217155113816261
2010-11-16,-0.03668828681111336
2010-11-17,-0.006066744215786457
2010-11-18,0.01356390677392483
2010-11-19,0.03680161759257317
2010-11-22,0.07776708155870438
2010-11-23,0.03502988442778587
2010-11-24,0.02603417821228504
2010-11-26,-0.004228968638926744
2010-11-29,-0.02802938409149647
2010-11-30,0.0291290394961834
2010-12-01,-0.02773855999112129
2010-12-02,-0.05822416394948959
2010-12-03,-0.0265841968357563
2010-12-06,-0.03747222200036049
2010-12-07,0.04124051705002785
2010-12-08,0.02566538192331791
2010-12-09,-0.009885687381029129
2010-12-10,-0.01653662323951721
2010-12-13,-0.03077415004372597
2010-12-14,-0.06612106412649155
2010-12-15,0.03750437125563622
2010-12-16,0.04087834805250168
2010-12-17,0.01785138435661793
2010-12-20,0.01084184180945158
2010-12-21,0.01766553707420826
2010-12-22,0.01146939769387245
2010-12-23,-0.07784250378608704
2010-12-27,-0.1509139388799667
2010-12-28,0.03369995206594467
2010-12-29,0.04998105764389038
2010-12-30,-0.04435627534985542
2010-12-31,0.004905628506094217
2011-01-03,-0.0003754533245228231
2011-01-04,0.001878258306533098
2011-01-05,0.005999244283884764
2011-01-06,0.03913526982069016
2011-01-07,0.01291250437498093
2011-01-10,0.007436295971274376
2011-01-11,-0.05237264186143875
2011-01-12,0.0
2011-01-13,-0.02744806371629238
2011-01-14,-0.01792522147297859
2011-01-18,-0.004271868150681257
2011-01-19,-0.06279246509075165
2011-01-20,-0.05867664515972137
2011-01-21,0.0185676421970129
2011-01-24,0.06293397396802902
2011-01-25,0.007758290506899357
2011-01-26,0.002836292376741767
2011-01-27,0.00686868978664279
2011-01-28,-0.03651684895157814
2011-01-31,0.003748444374650717
2011-02-01,-0.007883839309215546
2011-02-02,0.001254733884707093
2011-02-03,-0.01294909603893757
2011-02-04,-0.007194248028099537
2011-02-07,-0.01662401482462883
2011-02-08,0.06155180186033249
2011-02-09,-0.05226625874638557
2011-02-10,0.0002154704125132412
2011-02-11,0.001507639302872121
2011-02-14,-0.00731183122843504
2011-02-15,-0.01039860397577286
2011-02-16,0.08274953812360764
2011-02-17,-0.04569345712661743
2011-02-18,-0.01779661327600479
2011-02-22,-0.05651421099901199
2011-02-23,-0.001829031272791326
2011-02-24,0.03206599876284599
2011-02-25,0.0479360818862915
2011-02-28,0.01185932941734791
2011-03-01,0.002092973794788122
2011-03-02,0.00334168435074389
2011-03-03,0.0141548765823245
2011-03-04,0.02422003820538521
2011-03-07,-0.0004008107644040138
2011-03-08,-0.01122697163373232
2011-03-09,0.002433068351820111
2011-03-10,-0.02872164733707905
2011-03-11,0.002498936606571078
2011-03-14,-0.03406729176640511
2011-03-15,-0.01290319301187992
2011-03-16,-0.005664534401148558
2011-03-17,-0.0004382221377454698
2011-03-18,0.006576046347618103
2011-03-21,-0.01001740247011185
2011-03-22,-0.02375710569322109
2011-03-23,0.0009012415539473295
2011-03-24,0.005403009708970785
2011-03-25,0.01880878023803234
2011-03-28,0.02197802253067493
2011-03-29,0.02881720848381519
2011-03-30,-0.008779305964708328
2011-03-31,0.1703922897577286
2011-04-01,-0.03927928581833839
2011-04-04,-0.0311327800154686
2011-04-05,0.03368179872632027
2011-04-06,-0.00786520540714264
2011-04-07,0.0283125713467598
2011-04-08,-0.02753303945064545
2011-04-11,-0.04605508968234062
2011-04-12,-0.0245350543409586
2011-04-13,0.01135905459523201
2011-04-14,0.008423549123108387
2011-04-15,0.01750200986862183
2011-04-18,-0.02150114253163338
2011-04-19,0.005193733610212803
2011-04-20,0.02344992756843567
2011-04-21,0.03844659402966499
2011-04-25,-0.01308901980519295
2011-04-26,0.02046233229339123
2011-04-27,0.005569981876760721
2011-04-28,0.02141801826655865
2011-04-29,-0.002169178100302815
2011-05-02,-0.005434768740087748
2011-05-03,-0.02112932316958904
2011-05-04,-0.006698932033032179
2011-05-05,-0.009366803802549839
2011-05-06,0.02571862004697323
2011-05-09,0.02912975661456585
2011-05-10,0.0150483725592494
2011-05-11,-0.04447582736611366
2011-05-12,0.02216477319598198
2011-05-13,-0.004336857236921787
2011-05-16,-0.03448271751403809
2011-05-17,-0.02406019903719425
2011-05-18,0.01502316258847713
2011-05-19,0.07020874321460724
2011-05-20,-0.008156079798936844
2011-05-23,-0.04111546650528908
2011-05-24,-0.003728575073182583
2011-05-25,0.08458084613084793
2011-05-26,0.01725327782332897
2011-05-27,0.002374480944126844
2011-05-31,0.01996616460382938
2011-06-01,-0.05384868010878563
2011-06-02,0.008521233685314655
2011-06-03,0.04763556644320488
2011-06-06,-0.04746095091104507
2011-06-07,-0.01149825472384691
2011-06-08,-0.04406062513589859
2011-06-09,0.01843657717108727
2011-06-10,0.008689346723258495
2011-06-13,0.02045942842960358
2011-06-14,0.005979601759463549
2011-06-15,-0.04475526884198189
2011-06-16,-0.03001463040709496
2011-06-17,0.0
2011-06-20,-0.01849055662751198
2011-06-21,0.05843907967209816
2011-06-22,-0.0116237411275506
2011-06-23,0.01837559789419174
2011-06-24,-0.005232715979218483
2011-06-27,-0.003809230867773294
2011-06-28,0.02367085032165051
2011-06-29,0.006403425708413124
2011-06-30,0.02969240769743919
2011-07-01,-0.003776131430640817
2011-07-05,0.004135042428970337
2011-07-06,-0.006177086848765612
2011-07-07,0.02658841386437416
2011-07-08,-0.0309451762586832
2011-07-11,-0.01596664637327194
2011-07-12,-0.006349217146635056
2011-07-13,0.01668439246714115
2011-07-14,-0.03596364706754684
2011-07-15,-0.001086587668396533
2011-07-18,-0.01269036903977394
2011-07-19,0.02423796802759171
2011-07-20,0.02868415787816048
2011-07-21,0.0003485614724922925
2011-07-22,0.02055749669671059
2011-07-25,-0.0273131150752306
2011-07-26,-0.01719900965690613
2011-07-27,-0.0128571642562747
2011-07-28,0.01917513459920883
2011-07-29,0.0
2011-08-01,0.02129926718771458
2011-08-02,-0.04970456287264824
2011-08-03,-0.00512067973613739
2011-08-04,-0.09007355570793152
2011-08-05,-0.02060607075691223
2011-08-08,-0.02475249208509922
2011-08-09,0.06006768718361855
2011-08-10,-0.04948123544454575
2011-08-11,0.06213264167308807
2011-08-12,0.03992095962166786
2011-08-15,-0.003040665993466973
2011-08-16,-0.004956125281751156
2011-08-17,-0.01034484524279833
2011-08-18,-0.06078202649950981
2011-08-19,-0.08079146593809128
2011-08-22,-0.01569500006735325
2011-08-23,0.04601358994841576
2011-08-24,0.03963422402739525
2011-08-25,-0.03183913603425026
2011-08-26,0.02682816609740257
2011-08-29,0.04129791632294655
2011-08-30,-0.003237552708014846
2011-08-31,0.004466123413294554
2011-09-01,-0.02991106547415257
2011-09-02,-0.03875001147389412
2011-09-06,-0.005634987726807594
2011-09-07,0.0392327643930912
2011-09-08,-0.009647632017731667
2011-09-09,-0.02710721269249916
2011-09-12,-0.003918160684406757
2011-09-13,0.05244758725166321
2011-09-14,0.01079735159873962
2011-09-15,0.01972060464322567
2011-09-16,0.03948426991701126
2011-09-19,-0.001162743428722024
2011-09-20,0.009313145652413368
2011-09-21,-0.006151474080979824
2011-09-22,-0.00851068552583456
2011-09-23,0.02926258370280266
2011-09-26,-0.03260040655732155
2011-09-27,0.02625392191112041
2011-09-28,-0.06109203398227692
2011-09-29,-0.01911343261599541
2011-09-30,0.01119396928697824
2011-10-03,-0.02706026472151279
2011-10-04,-0.002949839690700173
2011-10-05,0.07227392494678497
2011-10-06,0.06267237663269043
2011-10-07,0.001112785190343857
2011-10-10,0.03297515213489532
2011-10-11,-0.009684310294687748
2011-10-12,0.006881514564156532
2011-10-13,0.00503601785749197
2011-10-14,0.00393696129322052
2011-10-17,-0.02245986461639404
2011-10-18,0.03355215489864349
2011-10-19,-0.02717009373009205
2011-10-20,-0.008342384360730648
2011-10-21,0.02523776702582836
2011-10-24,0.01855150051414967
2011-10-25,-0.01050785463303328
2011-10-26,-0.009557538665831089
2011-10-27,0.02787707932293415
2011-10-28,0.0385952927172184
2011-10-31,-0.01673920266330242
2011-11-01,-0.01668374799191952
2011-11-02,-0.005886429455131292
2011-11-03,0.1306165158748627
2011-11-04,-0.004621001891791821
2011-11-07,-0.03218820318579674
2011-11-08,0.0182283241301775
2011-11-09,-0.03015078417956829
2011-11-10,0.01457256358116865
2011-11-11,0.07373122870922089
2011-11-14,-0.01248508226126432
2011-11-15,0.02137263864278793
2011-11-16,0.02976711839437485
2011-11-17,-0.03606177493929863
2011-11-18,-0.03206656128168106
2011-11-21,-0.02576681785285473
2011-11-22,0.009760688059031963
2011-11-23,-0.01933267712593079
2011-11-25,0.006677236407995224
2011-11-28,0.02842708490788937
2011-11-29,-0.02487719058990479
2011-11-30,0.03118115477263927
2011-12-01,-0.004276212304830551
2011-12-02,0.02147241681814194
2011-12-05,0.03363360092043877
2011-12-06,0.01307381689548492
2011-12-07,-0.01950101368129253
2011-12-08,-0.09651943296194077
2011-12-09,0.004855989944189787
2011-12-12,-0.02029642648994923
2011-12-13,-0.03156853467226028
2011-12-14,-0.03123939037322998
2011-12-15,0.003154579317197204
2011-12-16,-0.02166320197284222
2011-12-19,-0.008928571827709675
2011-12-20,0.005405391566455364
2011-12-21,-0.01182795409113169
2011-12-22,0.007254289463162422
2011-12-23,0.004681280348449945
2011-12-27,0.02401434071362019
2011-12-28,-0.002100086305290461
2011-12-29,0.007716566324234009
2011-12-30,-0.005917162634432316
2012-01-03,-0.0168067067861557
2012-01-04,-0.01317666843533516
2012-01-05,-0.02129188925027847
2012-01-06,-0.007743399124592543
2012-01-09,0.01263471413403749
2012-01-10,0.01357801258563995
2012-01-11,0.02208539843559265
2012-01-12,0.0007084824028424919
2012-01-13,-0.1932743042707443
2012-01-17,0.1671785563230515
2012-01-18,0.00789470225572586
2012-01-19,-0.001864947378635406
2012-01-20,-0.005979067645967007
2012-01-23,0.006390980444848537
2012-01-24,0.02428089641034603
2012-01-25,0.02005832456052303
2012-01-26,0.03468005731701851
2012-01-27,0.01347613614052534
2012-01-30,0.008182739838957787
2012-01-31,-0.01690902933478355
2012-02-01,0.01754386723041534
2012-02-02,0.02265044301748276
2012-02-03,0.02975205332040787
2012-02-06,0.02086676098406315
2012-02-07,-0.00628927256911993
2012-02-08,0.01044303551316261
2012-02-09,0.02035707794129848
2012-02-10,-0.04542668536305428
2012-02-13,0.01254017278552055
2012-02-14,0.05335021764039993
2012-02-15,0.01296353153884411
2012-02-16,0.01726195961236954
2012-02-17,0.02311295829713345
2012-02-21,-0.01344012562185526
2012-02-22,-0.00811590626835823
2012-02-23,0.009058957919478416
2012-02-24,-0.02258901856839657
2012-02-27,-0.003851883579045534
2012-02-28,0.005651470739394426
2012-02-29,-0.01183086354285479
2012-03-01,0.02993115782737732
2012-03-02,-0.01075265742838383
2012-03-05,-0.00793185830116272
2012-03-06,-0.0195439700037241
2012-03-07,0.0003019728465005755
2012-03-08,-0.001509638852439821
2012-03-09,0.05049900338053703
2012-03-12,0.03655718266963959
2012-03-13,0.002221656031906605
2012-03-14,-0.02216678485274315
2012-03-15,-0.008217651396989822
2012-03-16,0.009142848663032055
2012-03-19,-0.009626278653740883
2012-03-20,-0.0005717683816328645
2012-03-21,0.005434852559119463
2012-03-22,-0.0213371254503727
2012-03-23,-0.00930231623351574
2012-03-26,0.09741782397031784
2012-03-27,0.01443842425942421
2012-03-28,-0.002372170798480511
2012-03-29,-0.01373835280537605
2012-03-30,-0.002410933608189225
2012-04-02,-0.01772287301719189
2012-04-03,0.0390923023223877
2012-04-04,-0.07918964326381683
2012-04-05,-0.01485715620219707
2012-04-09,-0.03857303038239479
2012-04-10,-0.02081455290317535
2012-04-11,0.01940853707492352
2012-04-12,0.01057716738432646
2012-04-13,0.004485691897571087
2012-04-16,-0.03989282995462418
2012-04-17,-0.0003100254689343274
2012-04-18,0.01302723772823811
2012-04-19,0.01530924718827009
2012-04-20,0.0
2012-04-23,-0.03679129481315613
2012-04-24,-0.003757070749998093
2012-04-25,0.03425519168376923
2012-04-26,0.01762387901544571
2012-04-27,-0.00447899429127574
2012-04-30,-0.00629871292039752
2012-05-01,0.01961961016058922
2012-05-02,0.004736525937914848
2012-05-03,-0.04360635206103325
2012-05-04,-0.01940847747027874
2012-05-07,0.02010685764253139
2012-05-08,-0.07021868228912354
2012-05-09,-0.0043060970492661
2012-05-10,0.09647370874881744
2012-05-11,-0.02154123410582542
2012-05-14,-0.06790699064731598
2012-05-15,-0.02095805667340755
2012-05-16,-0.008494732901453972
2012-05-17,-0.02090474963188171
2012-05-18,-0.03535177558660507
2012-05-21,0.04390424489974976
2012-05-22,0.07021204382181168
2012-05-23,0.007469942793250084
2012-05-24,-0.02256610989570618
2012-05-25,-0.01682058908045292
2012-05-29,0.06306612491607666
2012-05-30,-0.04039131104946136
2012-05-31,-0.02992436289787292
2012-06-01,-0.04576272517442703
2012-06-04,-0.009591490961611271
2012-06-05,0.001076064887456596
2012-06-06,0.04693656414747238
2012-06-07,-0.009924675337970257
2012-06-08,0.03975110873579979
2012-06-11,-0.03191486373543739
2012-06-12,0.01854392141103745
2012-06-13,0.003708719275891781
2012-06-14,-0.01276456378400326
2012-06-15,0.01769310794770718
2012-06-18,0.06452692300081253
2012-06-19,0.007851758971810341
2012-06-20,0.05266433954238892
2012-06-21,-0.04706927761435509
2012-06-22,0.04954959079623222
2012-06-25,-0.01997925899922848
2012-06-26,-0.04530353099107742
2012-06-27,0.01107239723205566
2012-06-28,-0.01720898784697056
2012-06-29,-0.003820405341684818
2012-07-02,-0.02844363264739513
2012-07-03,0.008552638813853264
2012-07-05,0.01859098859131336
2012-07-06,-0.007684911135584116
2012-07-09,0.016134237870574
2012-07-10,-0.006986323278397322
2012-07-11,0.007675080560147762
2012-07-12,0.03776580467820168
2012-07-13,0.0474005863070488
2012-07-16,0.04992698132991791
2012-07-17,-0.07258066534996033
2012-07-18,-0.0359819196164608
2012-07-19,0.003732470562681556
2012-07-20,-0.01487448159605265
2012-07-23,-0.03554579988121986
2012-07-24,-0.02674493566155434
2012-07-25,-0.02982571721076965
2012-07-26,-0.02832475304603577
2012-07-27,0.0490579828619957
2012-07-30,-0.07319552451372147
2012-07-31,0.002559403888881207
2012-08-01,-0.04266958683729172
2012-08-02,-0.00571427121758461
2012-08-03,0.04482758790254593
2012-08-06,0.03667033463716507
2012-08-07,0.07003889232873917
2012-08-08,-0.03834710270166397
2012-08-09,0.01100033335387707
2012-08-10,0.01802110485732555
2012-08-13,0.04108214750885963
2012-08-14,-0.05614372715353966
2012-08-15,-0.0006798251997679472
2012-08-16,0.03061223216354847
2012-08-17,-0.009570924565196037
2012-08-20,-0.01666111312806606
2012-08-21,-0.01355471462011337
2012-08-22,0.02885606698691845
2012-08-23,0.02604336477816105
2012-08-24,-0.04002602025866508
2012-08-27,-0.04000001028180122
2012-08-28,0.01306500192731619
2012-08-29,-0.009759522043168545
2012-08-30,0.0
2012-08-31,0.003871897701174021
2012-09-04,-0.01332402043044567
2012-09-05,-0.007107280194759369
2012-09-06,0.02183245122432709
2012-09-07,0.02802105620503426
2012-09-10,-0.06746165454387665
2012-09-11,0.01571057364344597
2012-09-12,0.01726623997092247
2012-09-13,0.04243277385830879
2012-09-14,0.03086838126182556
2012-09-17,0.070747010409832
2012-09-18,-0.03687771037220955
2012-09-19,-0.009253379888832569
2012-09-20,-0.004830905701965094
2012-09-21,-0.02847893722355366
2012-09-24,0.02131910063326359
2012-09-25,-0.0978473573923111
2012-09-26,-0.004338356200605631
2012-09-27,0.03449523821473122
2012-09-28,0.02772906050086021
2012-10-01,-0.00409838929772377
2012-10-02,0.02194785326719284
2012-10-03,-0.01677852310240269
2012-10-04,0.003412982448935509
2012-10-05,-0.0173469465225935
2012-10-08,0.01246108021587133
2012-10-09,-0.03008544072508812
2012-10-10,0.001057412009686232
2012-10-11,-0.002816898748278618
2012-10-12,-0.02401131018996239
2012-10-15,-0.01121561042964458
2012-10-16,0.02671055868268013
2012-10-17,0.0270527433604002
2012-10-18,-0.02703410387039185
2012-10-19,-0.01069904211908579
2012-10-22,0.003965415060520172
2012-10-23,0.0193895511329174
2012-10-24,-0.03416693583130836
2012-10-25,0.003646987024694681
2012-10-26,-0.00508725643157959
2012-10-31,0.02744339033961296
2012-11-01,0.03959989175200462
2012-11-02,-0.0111880823969841
2012-11-05,0.08927943557500839
2012-11-06,-0.01111112348735332
2012-11-07,0.01252010557800531
2012-11-08,-0.007292373105883598
2012-11-09,-0.03161928430199623
2012-11-12,0.02473614737391472
2012-11-13,0.01751850917935371
2012-11-14,-0.007411222439259291
2012-11-15,-0.01784574426710606
2012-11-16,0.03309212625026703
2012-11-19,0.03392281755805016
2012-11-20,0.002430189400911331
2012-11-21,-0.01606056839227676
2012-11-23,-0.01047120895236731
2012-11-26,0.004357279278337955
2012-11-27,-0.003718591062352061
2012-11-28,0.03359246999025345
2012-11-29,0.01384288538247347
2012-11-30,0.003858743701130152
2012-12-03,0.02365461923182011
2012-12-04,-0.02079715207219124
2012-12-05,-0.005604791454970837
2012-12-06,0.005636382382363081
2012-12-07,0.007964502088725567
2012-12-10,0.01170621998608112
2012-12-11,0.02053801156580448
2012-12-12,-0.0005669064121320844
2012-12-13,-0.04679517447948456
2012-12-14,0.005950632505118847
2012-12-17,0.01745046302676201
2012-12-18,0.005523215513676405
2012-12-19,0.0005782149964943528
2012-12-20,-0.005200817715376616
2012-12-21,-0.01248911675065756
2012-12-24,0.008235258050262928
2012-12-26,-0.02012831531465054
2012-12-27,0.002977031050249934
2012-12-28,-0.01395065058022738
2012-12-31,0.01956645585596561
2013-01-02,0.04399178549647331
2013-01-03,-0.01668552495539188
2013-01-04,-0.01064132619649172
2013-01-07,-0.001744225854054093
2013-01-08,-0.01921956427395344
2013-01-09,-0.001187675632536411
2013-01-10,-0.00326993502676487
2013-01-11,-0.01849087327718735
2013-01-14,0.01063501928001642
2013-01-15,0.0192424301058054
2013-01-16,0.005899614654481411
2013-01-17,0.008211219683289528
2013-01-18,0.004072117153555155
2013-01-22,0.01940898410975933
2013-01-23,0.02301794290542603
2013-01-24,0.02750004641711712
2013-01-25,-0.0002704010694287717
2013-01-28,0.02839370630681515
2013-01-29,-0.002103550359606743
2013-01-30,-0.01133070606738329
2013-01-31,-0.0002665814536157995
2013-02-01,0.02106107585132122
2013-02-04,-0.01462134625762701
2013-02-05,0.01033384632319212
2013-02-06,0.02727503515779972
2013-02-07,0.007914255373179913
2013-02-08,-0.006078973412513733
2013-02-11,-0.02089713327586651
2013-02-12,-0.01379486732184887
2013-02-13,0.0147796617820859
2013-02-14,-0.003901209915056825
2013-02-15,-0.03289812803268433
2013-02-19,0.06047510355710983
2013-02-20,-0.01883905008435249
2013-02-21,-0.08770111203193665
2013-02-22,0.02701936289668083
2013-02-25,-0.04790915176272392
2013-02-26,0.001454311655834317
2013-02-27,0.01945972070097923
2013-02-28,-0.007692212238907814
2013-03-01,-0.005167967174202204
2013-03-04,0.02683983370661736
2013-03-05,0.03007306531071663
2013-03-06,0.02837645448744297
2013-03-07,0.01432743296027184
2013-03-08,0.006277836393564939
2013-03-11,0.01637632586061954
2013-03-12,0.0005115206586197019
2013-03-13,-0.003578716656193137
2013-03-14,-0.05464343354105949
2013-03-15,-0.04233372211456299
2013-03-18,-0.003967111930251122
2013-03-19,-0.001991456374526024
2013-03-20,0.02480042353272438
2013-03-21,0.001668916782364249
2013-03-22,0.01693975739181042
2013-03-25,0.02484980598092079
2013-03-26,0.008793015033006668
2013-03-27,0.007923910394310951
2013-03-28,-0.007075483910739422
2013-04-01,0.159408837556839
2013-04-02,0.009333026595413685
2013-04-03,-0.07307175546884537
2013-04-04,0.0221411157399416
2013-04-05,-0.0152344536036253
2013-04-08,0.01111923903226852
2013-04-09,-0.03179540485143661
2013-04-10,0.03358026221394539
2013-04-11,0.04132822528481483
2013-04-12,0.003670563222840428
2013-04-15,-0.01028573140501976
2013-04-16,0.05288685858249664
2013-04-17,-0.003070835489779711
2013-04-18,0.03344335407018661
2013-04-19,0.01830957271158695
2013-04-22,0.0493413470685482
2013-04-23,0.01633791066706181
2013-04-24,-0.01137028075754642
2013-04-25,0.03113225661218166
2013-04-26,-0.01538460049778223
2013-04-29,0.07304683327674866
2013-04-30,-0.01729153655469418
2013-05-01,-0.01315063703805208
2013-05-02,0.01557811256498098
2013-05-03,0.008131558075547218
2013-05-06,0.09074245393276215
2013-05-07,-0.06705885380506516
2013-05-08,0.004981097299605608
2013-05-09,0.244028627872467
2013-05-10,0.1061094850301743
2013-05-13,0.1437653452157974
2013-05-14,-0.05193627625703812
2013-05-15,0.01924561522901058
2013-05-16,0.0872916504740715
2013-05-17,-0.008108588866889477
2013-05-20,-0.01704915426671505
2013-05-21,-0.02612859755754471
2013-05-22,-0.003995872568339109
2013-05-23,0.0629299134016037
2013-05-24,0.0469103679060936
2013-05-28,0.1365265548229218
2013-05-29,-0.05170665308833122
2013-05-30,0.003067974932491779
2013-05-31,-0.06850876659154892
2013-06-03,-0.05288467183709145
2013-06-04,0.02430068142712116
2013-06-05,0.005588427186012268
2013-06-06,0.02076120115816593
2013-06-07,0.04817670956254005
2013-06-10,-0.01950213499367237
2013-06-11,-0.05577212944626808
2013-06-12,0.03450833261013031
2013-06-13,0.004604491405189037
2013-06-14,0.02159302122890949
2013-06-17,0.01894310861825943
2013-06-18,0.01164385955780745
2013-06-19,0.0124770374968648
2013-06-20,-0.03849826753139496
2013-06-21,-0.01092894654721022
2013-06-24,0.0194876417517662
2013-06-25,0.008966436609625816
2013-06-26,0.03242187201976776
2013-06-27,0.03339007496833801
2013-06-28,-0.01729976572096348
2013-07-01,0.09145864844322205
2013-07-02,0.005470253527164459
2013-07-03,-0.0218978263437748
2013-07-05,0.04208606854081154
2013-07-08,0.01265720929950476
2013-07-09,0.01513030473142862
2013-07-10,-0.009558528661727905
2013-07-11,0.02731662802398205
2013-07-12,0.0341532789170742
2013-07-15,-0.02032326348125935
2013-07-16,-0.1430928707122803
2013-07-17,0.1027051508426666
2013-07-18,-0.01014554034918547
2013-07-19,0.005460821092128754
2013-07-22,0.02297794073820114
2013-07-23,0.002532039303332567
2013-07-24,-0.008473202586174011
2013-07-25,0.01947413943707943
2013-07-26,0.04287901893258095
2013-07-29,0.04042040184140205
2013-07-30,-0.02139347605407238
2013-07-31,0.01928034983575344
2013-08-01,0.009457881562411785
2013-08-02,0.01807448826730251
2013-08-05,0.04840574413537979
2013-08-06,-0.01748685911297798
2013-08-07,-0.05571578443050385
2013-08-08,0.1434105634689331
2013-08-09,-0.003127415664494038
2013-08-12,-0.03673199564218521
2013-08-13,-0.01323118526488543
2013-08-14,-0.04173824191093445
2013-08-15,0.00222443719394505
2013-08-16,0.01668219268321991
2013-08-19,0.02042249217629433
2013-08-20,0.03229819238185883
2013-08-21,-0.01149887125939131
2013-08-22,0.06249158456921577
2013-08-23,0.03016548790037632
2013-08-26,0.01471213158220053
2013-08-27,0.01698936335742474
2013-08-28,-0.003353078151121736
2013-08-29,-0.00234304228797555
2013-08-30,0.01770445890724659
2013-09-03,-0.0003550151304807514
2013-09-04,0.009956147521734238
2013-09-05,-0.004055757075548172
2013-09-06,-0.01741888746619225
2013-09-09,-0.03755168244242668
2013-09-10,0.03528312593698502
2013-09-11,-0.01713043823838234
2013-09-12,0.008622727356851101
2013-09-13,0.003698542714118958
2013-09-16,0.006282521411776543
2013-09-17,-0.002101129153743386
2013-09-18,-7.214947981992736e-05
2013-09-19,0.07040149718523026
2013-09-20,0.03074416145682335
2013-09-23,-0.01243251468986273
2013-09-24,0.006736244540661573
2013-09-25,0.01594913005828857
2013-09-26,0.01836552284657955
2013-09-27,0.01198046281933784
2013-09-30,0.01293871831148863
2013-10-01,-0.001913405023515224
2013-10-02,-0.06243525072932243
2013-10-03,-0.04222160577774048
2013-10-04,0.04425594583153725
2013-10-07,0.0115483021363616
2013-10-08,-0.04555640742182732
2013-10-09,-0.0340525209903717
2013-10-10,0.02458818629384041
2013-10-11,0.0333661288022995
2013-10-14,0.005707914475351572
2013-10-15,0.02348097786307335
2013-10-16,-0.002065917477011681
2013-10-17,-0.004129416309297085
2013-10-18,0.003271254943683743
2013-10-21,-0.05888761207461357
2013-10-22,-0.006141441408544779
2013-10-23,-0.04103995487093925
2013-10-24,0.05258354917168617
2013-10-25,-0.02015587873756886
2013-10-28,-0.04008017852902412
2013-10-29,0.009885795414447784
2013-10-30,-0.03192071616649628
2013-10-31,0.004522052593529224
2013-11-01,0.01394270174205303
2013-11-04,0.08034777641296387
2013-11-05,0.009189501404762268
2013-11-06,-0.1450709402561188
2013-11-07,-0.07533739507198334
2013-11-08,-0.0130355590954423
2013-11-11,0.0489162839949131
2013-11-12,-0.04767166823148727
2013-11-13,0.006531160324811935
2013-11-14,-0.00793072022497654
2013-11-15,-0.01562506519258022
2013-11-18,-0.1023993790149689
2013-11-19,0.03709487244486809
2013-11-20,-0.0394955649971962
2013-11-21,0.008174369111657143
2013-11-22,-0.005896816030144691
2013-11-25,-0.004448845982551575
2013-11-26,-0.00281360768713057
2013-11-27,0.05344400182366371
2013-11-29,0.00267840176820755
2013-12-02,-0.02443432249128819
2013-12-03,0.1653378307819366
2013-12-04,-0.03973738849163055
2013-12-05,0.01101114694029093
2013-12-06,-0.022209532558918
2013-12-09,0.03086783178150654
2013-12-10,0.004166640806943178
2013-12-11,-0.01786348223686218
2013-12-12,0.05599718913435936
2013-12-13,0.001247750245966017
2013-12-16,0.001936929998919368
2013-12-17,0.03055295534431934
2013-12-18,-0.02938482724130154
2013-12-19,-0.0490606464445591
2013-12-20,0.01790793240070343
2013-12-23,0.002164182718843222
2013-12-24,0.05475444346666336
2013-12-26,0.02701272256672382
2013-12-27,-0.02816723473370075
2013-12-30,0.008734828792512417
2013-12-31,-0.01319208554923534
2014-01-02,-0.002187043428421021
2014-01-03,-0.003597658360376954
2014-01-06,-0.01711685955524445
2014-01-07,0.0160544253885746
2014-01-08,0.01285483501851559
2014-01-09,-0.02478847280144691
2014-01-10,-0.01226939912885427
2014-01-13,-0.04378192871809006
2014-01-14,0.1573848724365234
2014-01-15,0.01773423701524734
2014-01-16,0.04167426005005836
2014-01-17,-0.005615059286355972
2014-01-21,0.03923297673463821
2014-01-22,0.01064073480665684
2014-01-23,0.01646506786346436
2014-01-24,-0.03801649436354637
2014-01-27,-0.02852239832282066
2014-01-28,0.05164491385221481
2014-01-29,-0.01765898056328297
2014-01-30,0.04342864081263542
2014-01-31,-0.007821005769073963
2014-02-03,-0.02370323054492474
2014-02-04,0.009146830067038536
2014-02-05,-0.0241145733743906
2014-02-06,0.0227038562297821
2014-02-07,0.0456889420747757
2014-02-10,0.05377150326967239
2014-02-11,0.0003052378888241947
2014-02-12,-0.006611676421016455
2014-02-13,0.02206633985042572
2014-02-14,-0.007013019639998674
2014-02-18,0.02759421616792679
2014-02-19,-0.04938634112477303
2014-02-20,0.08433175832033157
2014-02-21,-0.001762133208103478
2014-02-24,0.03840642794966698
2014-02-25,0.1394440978765488
2014-02-26,0.02016128972172737
2014-02-27,-0.00181820837315172
2014-02-28,-0.03060899674892426
2014-03-03,0.02348760329186916
2014-03-04,0.0170817319303751
2014-03-05,-0.008554358035326004
2014-03-06,0.00110820378176868
2014-03-07,-0.0266070831567049
2014-03-10,-0.02993383817374706
2014-03-11,-0.01854795217514038
2014-03-12,0.03020349703729153
2014-03-13,-0.01532159559428692
2014-03-14,-0.02868073619902134
2014-03-17,0.01303197164088488
2014-03-18,0.02589963935315609
2014-03-19,-0.01749707199633121
2014-03-20,-0.003943320363759995
2014-03-21,-0.02562685310840607
2014-03-24,-0.03809690847992897
2014-03-25,0.001226344495080411
2014-03-26,-0.03393211588263512
2014-03-27,-0.02648384310305119
2014-03-28,0.02435841970145702
2014-03-31,-0.01845834217965603
2014-04-01,0.04087313264608383
2014-04-02,0.06139094009995461
2014-04-03,-0.02123409323394299
2014-04-04,-0.05845158919692039
2014-04-07,-0.02216987498104572
2014-04-08,0.03826138377189636
2014-04-09,0.006822546944022179
2014-04-10,-0.05872857943177223
2014-04-11,-0.00200795172713697
2014-04-14,-0.02792228199541569
2014-04-15,-0.02110148221254349
2014-04-16,0.02681654877960682
2014-04-17,-0.004972153343260288
2014-04-21,0.03159706294536591
2014-04-22,0.06977196782827377
2014-04-23,-0.0487101823091507
2014-04-24,-0.0006250535370782018
2014-04-25,-0.03853552788496017
2014-04-28,-0.006705086678266525
2014-04-29,0.04236564412713051
2014-04-30,0.004687807988375425
2014-05-01,-0.000769655394833535
2014-05-02,0.01530837174504995
2014-05-05,0.02702573128044605
2014-05-06,-0.04307281225919724
2014-05-07,-0.02860861085355282
2014-05-08,-0.1130370423197746
2014-05-09,0.02054985240101814
2014-05-12,0.01322288904339075
2014-05-13,0.02972873486578465
2014-05-14,0.002418970689177513
2014-05-15,-0.01064945384860039
2014-05-16,0.01574845612049103
2014-05-19,0.02364793792366982
2014-05-20,-0.004028728231787682
2014-05-21,0.02124932780861855
2014-05-22,0.02722490951418877
2014-05-23,0.01181178260594606
2014-05-27,0.02054990082979202
2014-05-28,-0.006239327136427164
2014-05-29,0.0
2014-05-30,-0.01174848340451717
2014-06-02,-0.01477598957717419
2014-06-03,0.001172474352642894
2014-06-04,-0.004635488148778677
2014-06-05,0.01426534820348024
2014-06-06,0.006143119186162949
2014-06-09,-0.01374354586005211
2014-06-10,-0.01466073002666235
2014-06-11,0.01072663441300392
2014-06-12,-0.004646143410354853
2014-06-13,0.01424918323755264
2014-06-16,0.08812131732702255
2014-06-17,0.03143224865198135
2014-06-18,-0.01964001916348934
2014-06-19,0.002949974499642849
2014-06-20,0.00790202897042036
2014-06-23,0.03323317691683769
2014-06-24,-0.01989714615046978
2014-06-25,0.01888605020940304
2014-06-26,-0.005449765361845493
2014-06-27,0.01468587201088667
2014-06-30,0.004183050245046616
2014-07-01,-0.00141629739664495
2014-07-02,-0.04294592887163162
2014-07-03,-0.0007627898012287915
2014-07-07,-0.02874589525163174
2014-07-08,-0.0161232203245163
2014-07-09,0.0182133112102747
2014-07-10,-0.01613911427557468
2014-07-11,-0.006060338113456964
2014-07-14,0.03928846120834351
2014-07-15,-0.03140712529420853
2014-07-16,-0.0110210319980979
2014-07-17,-0.008104667998850346
2014-07-18,0.02144894190132618
2014-07-21,0.002362954430282116
2014-07-22,-0.004352913238108158
2014-07-23,0.01325258985161781
2014-07-24,0.004719258286058903
2014-07-25,0.0001342669711448252
2014-07-28,0.005591089837253094
2014-07-29,0.0008450634777545929
2014-07-30,0.01737702265381813
2014-07-31,-0.02455003932118416
2014-08-01,0.04464846104383469
2014-08-04,0.022506108507514
2014-08-05,-0.000125770500744693
2014-08-06,0.04377581179141998
2014-08-07,0.01389908231794834
2014-08-08,-0.01687861792743206
2014-08-11,0.04509733617305756
2014-08-12,0.002467931946739554
2014-08-13,0.00134638452436775
2014-08-14,0.004110511858016253
2014-08-15,0.00241030240431428
2014-08-18,-0.007900489494204521
2014-08-19,-0.01223356369882822
2014-08-20,-0.004089433699846268
2014-08-21,-0.005357671994715929
2014-08-22,0.009593467228114605
2014-08-25,0.02247055433690548
2014-08-26,-0.003085117554292083
2014-08-27,0.005769121460616589
2014-08-28,0.002317133359611034
2014-08-29,0.02213305234909058
2014-09-02,0.05346674844622612
2014-09-03,-0.01031251810491085
2014-09-04,0.01724814623594284
2014-09-05,-0.03024050407111645
2014-09-08,0.01701564714312553
2014-09-09,-0.01286723092198372
2014-09-10,0.009408198297023773
2014-09-11,-0.002810418140143156
2014-09-12,-0.00395984947681427
2014-09-15,-0.09075935184955597
2014-09-16,0.02710151113569736
2014-09-17,0.002454608678817749
2014-09-18,0.009335076436400414
2014-09-19,-0.01705708354711533
2014-09-22,-0.0358244962990284
2014-09-23,0.001519837183877826
2014-09-24,0.00690865283831954
2014-09-25,-0.02058381214737892
2014-09-26,-0.00141725386492908
2014-09-29,-0.005433947779238224
2014-09-30,-0.01051945611834526
2014-10-01,-0.01005433965474367
2014-10-02,0.04653676599264145
2014-10-03,0.01507441140711308
2014-10-06,0.02119818329811096
2014-10-07,-0.004028807394206524
2014-10-08,-0.001117265201173723
2014-10-09,-0.0087549714371562
2014-10-10,-0.0782070979475975
2014-10-13,-0.05200289934873581
2014-10-14,0.01099782343953848
2014-10-15,0.01162688061594963
2014-10-16,-0.01458420045673847
2014-10-17,0.004992222413420677
2014-10-20,0.01314403675496578
2014-10-21,0.02113071084022522
2014-10-22,-0.01801644638180733
2014-10-23,0.01813062280416489
2014-10-24,-0.0002124518505297601
2014-10-27,-0.05768579617142677
2014-10-28,0.09518656879663467
2014-10-29,-0.01923630572855473
2014-10-30,0.002351942704990506
2014-10-31,0.0127377575263381
2014-11-03,0.003682248294353485
2014-11-04,-0.01508719939738512
2014-11-05,-0.03331516310572624
2014-11-06,0.04437805712223053
2014-11-07,-0.004228523001074791
2014-11-10,0.007202313747256994
2014-11-11,0.03782089799642563
2014-11-12,-0.007885916158556938
2014-11-13,0.01043753791600466
2014-11-14,0.02773140929639339
2014-11-17,-0.01816915534436703
2014-11-18,0.01464688777923584
2014-11-19,-0.03864961862564087
2014-11-20,0.003915400244295597
2014-11-21,-0.02384306117892265
2014-11-24,0.01622869446873665
2014-11-25,0.005552833434194326
2014-11-26,0.001410802942700684
2014-11-28,-0.01577845029532909
2014-12-01,-0.05267464742064476
2014-12-02,-0.0009066081838682294
2014-12-03,-0.009203602559864521
2014-12-04,-0.004448339343070984
2014-12-05,-0.02001924067735672
2014-12-08,-0.04179520905017853
2014-12-09,0.01180256903171539
2014-12-10,-0.03250497207045555
2014-12-11,-0.004574873484671116
2014-12-12,-0.009000406600534916
2014-12-15,-0.01429954916238785
2014-12-16,-0.03053320944309235
2014-12-17,0.04049345105886459
2014-12-18,0.06044109910726547
2014-12-19,0.004719136748462915
2014-12-22,0.01509422622621059
2014-12-23,-0.007322573568671942
2014-12-24,0.005837866105139256
2014-12-26,0.02501580491662025
2014-12-29,-0.009261700324714184
2014-12-30,-0.01541806291788816
2014-12-31,0.0008100073901005089
2015-01-02,-0.0139382490888238
2015-01-05,-0.04204095155000687
2015-01-06,0.005664250813424587
2015-01-07,-0.001561917015351355
2015-01-08,-0.001588013605214655
2015-01-09,-0.01877834834158421
2015-01-12,-0.02153293788433075
2015-01-13,0.0100884884595871
2015-01-14,-0.05659729614853859
2015-01-15,-0.004255577921867371
2015-01-16,0.006254298612475395
2015-01-20,-0.005904669873416424
2015-01-21,0.02417555823922157
2015-01-22,0.02569053135812283
2015-01-23,-0.001636751461774111
2015-01-26,0.02613150142133236
2015-01-27,-0.002759657800197601
2015-01-28,-0.03209049627184868
2015-01-29,0.02924212254583836
2015-01-30,-0.007797226309776306
2015-02-02,0.03605106100440025
2015-02-03,0.035175871104002
2015-02-04,0.0008701339247636497
2015-02-05,0.01116450410336256
2015-02-06,-0.01642610505223274
2015-02-09,0.0005520570557564497
2015-02-10,-0.005471779033541679
2015-02-11,-0.01613569818437099
2015-02-12,-0.04661653190851212
2015-02-13,0.004386826418340206
2015-02-17,0.002846355317160487
2015-02-18,0.0005382951349020004
2015-02-19,0.0354347787797451
2015-02-20,0.02553080394864082
2015-02-23,-0.04502323269844055
2015-02-24,-0.01555456593632698
2015-02-25,-0.001714791520498693
2015-02-26,0.01683356985449791
2015-02-27,-0.01858200691640377
2015-03-02,-0.02958099544048309
2015-03-03,0.01132649555802345
2015-03-04,0.01440669503062963
2015-03-05,-0.008916405960917473
2015-03-06,-0.03364402055740356
2015-03-09,-0.01547348871827126
2015-03-10,-0.00293376762419939
2015-03-11,0.01796972565352917
2015-03-12,-0.0137813463807106
2015-03-13,-0.01250858046114445
2015-03-16,0.03720587491989136
2015-03-17,-0.004956572316586971
2015-03-18,0.03070924431085587
2015-03-19,-0.02521056495606899
2015-03-20,0.01242017932236195
2015-03-23,0.007825136184692383
2015-03-24,0.01046935003250837
2015-03-25,-0.03678365051746368
2015-03-26,-0.02004634216427803
2015-03-27,-0.02838685363531113
2015-03-30,0.03010814823210239
2015-03-31,-0.009445363655686378
2015-04-01,-0.006251035258173943
2015-04-02,0.01817796193063259
2015-04-06,0.06335081905126572
2015-04-07,0.0007385223871096969
2015-04-08,0.02174660935997963
2015-04-09,0.01165309455245733
2015-04-10,0.003855478949844837
2015-04-13,-0.005310550797730684
2015-04-14,-0.01105916686356068
2015-04-15,0.00178345269523561
2015-04-16,-0.005437159445136786
2015-04-17,0.0004353959229774773
2015-04-20,-0.007350399158895016
2015-04-21,0.02016855590045452
2015-04-22,0.04789646342396736
2015-04-23,-0.003827909007668495
2015-04-24,-0.0008005629060789943
2015-04-27,0.06008927524089813
2015-04-28,-0.004621063824743032
2015-04-29,0.008547385223209858
2015-04-30,-0.02753277681767941
2015-05-01,-8.849489677231759e-05
2015-05-04,0.01982035860419273
2015-05-05,0.01058523450046778
2015-05-06,-0.01081779040396214
2015-05-07,0.02764401584863663
2015-05-08,-0.0008023751433938742
2015-05-11,0.01217194925993681
2015-05-12,0.02192158252000809
2015-05-13,-0.006374163553118706
2015-05-14,0.003783261170610785
2015-05-15,0.01941823028028011
2015-05-18,-0.0003616634639911354
2015-05-19,-0.006472364068031311
2015-05-20,-0.01128912065178156
2015-05-21,0.005197417456656694
2015-05-22,0.008590508252382278
2015-05-26,-0.00111005490180105
2015-05-27,-0.0001010654668789357
2015-05-28,0.01624703779816628
2015-05-29,-0.002584982663393021
2015-06-01,-0.005382799543440342
2015-06-02,-0.004409664776176214
2015-06-03,0.002577005652710795
2015-06-04,-0.01232984196394682
2015-06-05,0.01309369411319494
2015-06-08,0.02869876101613045
2015-06-09,-0.001131564029492438
2015-06-10,-0.02070313692092896
2015-06-11,0.002832097001373768
2015-06-12,-0.002863852772861719
2015-06-15,-0.001236577285453677
2015-06-16,0.01094332709908485
2015-06-17,0.0288006030023098
2015-06-18,0.005683387629687786
2015-06-19,0.002367387292906642
2015-06-22,-0.0103615140542388
2015-06-23,0.03033220954239368
2015-06-24,-0.009339858777821064
2015-06-25,0.0136516010388732
2015-06-26,-0.006324685178697109
2015-06-29,-0.01898239366710186
2015-06-30,0.02381505630910397
2015-07-01,0.003317617578431964
2015-07-02,0.0403863862156868
2015-07-06,-0.001071308506652713
2015-07-07,-0.04232802987098694
2015-07-08,-0.04823054373264313
2015-07-09,0.01160969026386738
2015-07-10,0.004768844693899155
2015-07-13,0.01161493267863989
2015-07-14,0.01331244315952063
2015-07-15,-0.009448444470763206
2015-07-16,0.01345283072441816
2015-07-17,0.02992354519665241
2015-07-20,0.02767059579491615
2015-07-21,-0.05487855151295662
2015-07-22,0.004123425111174583
2015-07-23,-0.002501149429008365
2015-07-24,-0.006699133664369583
2015-07-27,-0.04672020301222801
2015-07-28,0.04667804762721062
2015-07-29,-0.003776149824261665
2015-07-30,0.01125768013298512
2015-07-31,-0.002398945391178131
2015-08-03,-0.02314485795795918
2015-08-04,0.02419327199459076
2015-08-05,0.01445848774164915
2015-08-06,-0.0888461098074913
2015-08-07,-0.01470771711319685
2015-08-10,-0.005649231374263763
2015-08-11,-0.01563408970832825
2015-08-12,0.003370278747752309
2015-08-13,0.0182222630828619
2015-08-14,0.002639063866809011
2015-08-17,0.04869427159428596
2015-08-18,0.02247145213186741
2015-08-19,-0.02098036743700504
2015-08-20,-0.05120472982525826
2015-08-21,-0.04711367189884186
2015-08-24,-0.05156653374433517
2015-08-25,0.005299966782331467
2015-08-26,0.02186064422130585
2015-08-27,0.08072411268949509
2015-08-28,0.02259348146617413
2015-08-31,0.002334199380129576
2015-09-01,-0.04187742993235588
2015-09-02,0.03796671703457832
2015-09-03,-0.008559065870940685
2015-09-04,-0.01482271682471037
2015-09-08,0.02579260803759098
2015-09-09,0.002981849014759064
2015-09-10,-0.001727563911117613
2015-09-11,0.007083104457706213
2015-09-14,0.01178866997361183
2015-09-15,0.001500868471339345
2015-09-16,0.03423114866018295
2015-09-17,-0.0006863400340080261
2015-09-18,-0.005532919429242611
2015-09-21,0.01373654045164585
2015-09-22,-0.01233917381614447
2015-09-23,0.0004598571103997529
2015-09-24,0.007890896871685982
2015-09-25,-0.02360136620700359
2015-09-28,-0.03300771117210388
2015-09-29,-0.007164991460740566
2015-09-30,0.007095074281096458
2015-10-01,-0.03429947420954704
2015-10-02,0.03205770626664162
2015-10-05,-0.005735805723816156
2015-10-06,-0.01905337162315845
2015-10-07,-0.03934399038553238
2015-10-08,-0.02259012497961521
2015-10-09,-0.0265966784209013
2015-10-12,-0.02315465360879898
2015-10-13,0.0170238334685564
2015-10-14,-0.01080955564975739
2015-10-15,0.02042600698769093
2015-10-16,0.02575571462512016
2015-10-19,0.004801601637154818
2015-10-20,-0.06606754660606384
2015-10-21,-0.01380088459700346
2015-10-22,0.00775860296562314
2015-10-23,-0.01242208946496248
2015-10-26,0.02950881607830524
2015-10-27,-0.02280957251787186
2015-10-28,0.01240789424628019
2015-10-29,-0.006245312746614218
2015-10-30,-0.02220862917602062
2015-11-02,0.03315130993723869
2015-11-03,-0.02544547058641911
2015-11-04,0.1117350533604622
2015-11-05,0.0006044095498509705
2015-11-06,0.002545611234381795
2015-11-09,-0.03025477193295956
2015-11-10,-0.03918697685003281
2015-11-11,0.01191686745733023
2015-11-12,-0.02802628837525845
2015-11-13,-0.02700291201472282
2015-11-16,0.03436456993222237
2015-11-17,-0.001446491340175271
2015-11-18,0.03303741663694382
2015-11-19,0.003302101977169514
2015-11-20,-0.00807037204504013
2015-11-23,-0.01027223560959101
2015-11-24,0.002296211197972298
2015-11-25,0.05218785628676414
2015-11-27,0.0085786497220397
2015-11-30,-0.005828790366649628
2015-12-01,0.03009644709527493
2015-12-02,-0.02192333899438381
2015-12-03,0.003103587310761213
2015-12-04,-0.01001246925443411
2015-12-07,0.003255490912124515
2015-12-08,-0.01908018626272678
2015-12-09,-0.009703585878014565
2015-12-10,0.0113575765863061
2015-12-11,-0.04425949230790138
2015-12-14,0.007188266143202782
2015-12-15,0.01148318499326706
2015-12-16,0.06069925427436829
2015-12-17,-0.004775894805788994
2015-12-18,-0.01255406253039837
2015-12-21,0.009112169966101646
2015-12-22,-0.01122291292995214
2015-12-23,-0.001087192911654711
2015-12-24,0.003787594148889184
2015-12-28,-0.007026110775768757
2015-12-29,0.03599041700363159
2015-12-30,0.003794400719925761
2015-12-31,0.008064169436693192
2016-01-04,-0.0691637471318245
2016-01-05,8.947232709033415e-05
2016-01-06,-0.01964820921421051
2016-01-07,-0.01547662261873484
2016-01-08,-0.02156268991529942
2016-01-11,-0.01492888107895851
2016-01-12,0.01019963901489973
2016-01-13,-0.04600659012794495
2016-01-14,0.02930455468595028
2016-01-15,-0.005771593656390905
2016-01-19,-0.001317158224992454
2016-01-20,-0.02940603904426098
2016-01-21,0.006391566712409258
2016-01-22,0.01290194410830736
2016-01-25,-0.03046160563826561
2016-01-26,-0.01435995101928711
2016-01-27,-0.02836324833333492
2016-01-28,0.0086669297888875
2016-01-29,0.007907222025096416
2016-02-01,0.0300209503620863
2016-02-02,-0.07190009206533432
2016-02-03,-0.05088085681200027
2016-02-04,0.0106640886515379
2016-02-05,-0.0726059153676033
2016-02-08,-0.08985240012407303
2016-02-09,0.001756838290020823
2016-02-10,-0.03089377284049988
2016-02-11,0.04733071103692055
2016-02-12,0.003788077738136053
2016-02-16,0.02734378352761269
2016-02-17,0.08706576377153397
2016-02-18,-0.01132314745336771
2016-02-19,-0.001139308209531009
2016-02-22,0.06699486076831818
2016-02-23,-0.002981876721605659
2016-02-24,0.01010097190737724
2016-02-25,0.0470949299633503
2016-02-26,0.0155258160084486
2016-02-29,0.008353454060852528
2016-03-01,-0.02907303161919117
2016-03-02,0.01067877747118473
2016-03-03,0.03929069265723228
2016-03-04,0.02707667089998722
2016-03-07,0.02114007249474525
2016-03-08,-0.01310335285961628
2016-03-09,0.03020728006958961
2016-03-10,-0.01696056127548218
2016-03-11,0.0113071808591485
2016-03-14,0.03686743974685669
2016-03-15,0.01482687704265118
2016-03-16,0.01644222997128963
2016-03-17,0.02005142346024513
2016-03-18,0.02809435687959194
2016-03-21,0.02397525869309902
2016-03-22,-0.01711984537541866
2016-03-23,-0.04977801814675331
2016-03-24,0.02322759479284286
2016-03-28,0.01102083176374435
2016-03-29,-0.0005645341007038951
2016-03-30,-0.01407902222126722
2016-03-31,0.01269339676946402
2016-04-01,0.03403399884700775
2016-04-04,0.03956399485468864
2016-04-05,0.03433335572481155
2016-04-06,0.03894786909222603
2016-04-07,-0.03096978738903999
2016-04-08,-0.02772163599729538
2016-04-11,-0.0005998686538077891
2016-04-12,-0.008402652107179165
2016-04-13,0.02707606926560402
2016-04-14,-0.01048991549760103
2016-04-15,0.01052169408649206
2016-04-18,-0.002475304063409567
2016-04-19,-0.02564207278192043
2016-04-20,0.01051059644669294
2016-04-21,-0.006720838136970997
2016-04-22,0.02199044264853001
2016-04-25,-0.007605882361531258
2016-04-26,0.007624485995620489
2016-04-27,-0.008946182206273079
2016-04-28,-0.01495205983519554
2016-04-29,-0.02805704995989799
2016-05-02,0.0043196901679039
2016-05-03,-0.03920593857765198
2016-05-04,-0.04201105982065201
2016-05-05,-0.04955966398119926
2016-05-06,0.01607334055006504
2016-05-09,-0.02796256728470325
2016-05-10,-0.001100879395380616
2016-05-11,0.001293805544264615
2016-05-12,-0.008039853535592556
2016-05-13,0.001592058222740889
2016-05-16,0.003275336697697639
2016-05-17,-0.01742757484316826
2016-05-18,0.03180882707238197
2016-05-19,0.01913154684007168
2016-05-20,0.02355834655463696
2016-05-23,-0.01843107677996159
2016-05-24,0.007816124707460403
2016-05-25,0.007663705851882696
2016-05-26,0.02522995322942734
2016-05-27,-0.009239524602890015
2016-05-31,0.0008518761023879051
2016-06-01,-0.01644043438136578
2016-06-02,-0.002732696477323771
2016-06-03,0.0001370057434542105
2016-06-06,0.007717188447713852
2016-06-07,0.05283670499920845
2016-06-08,0.01368687301874161
2016-06-09,-0.02615490555763245
2016-06-10,-0.04608478769659996
2016-06-13,-0.004204937256872654
2016-06-14,-0.01335653569549322
2016-06-15,0.01274651195853949
2016-06-16,0.001056480105035007
2016-06-17,-0.0112879890948534
2016-06-20,0.01963148266077042
2016-06-21,-0.0004096328630112112
2016-06-22,-0.1045034229755402
2016-06-23,-0.001322128344327211
2016-06-24,-0.01654786244034767
2016-06-27,0.02795759402215481
2016-06-28,0.01631825789809227
2016-06-29,0.04162748157978058
2016-06-30,0.00994336698204279
2016-07-01,0.0198794100433588
2016-07-05,-0.01163974218070507
2016-07-06,0.002149765146896243
2016-07-07,0.006994963623583317
2016-07-08,0.003889952320605516
2016-07-11,0.03690377250313759
2016-07-12,-0.0005783649976365268
2016-07-13,-0.009436880238354206
2016-07-14,-0.004493776243180037
2016-07-15,-0.005100911483168602
2016-07-18,0.02654267847537994
2016-07-19,-0.004375714808702469
2016-07-20,0.01376190222799778
2016-07-21,-0.03441933915019035
2016-07-22,0.008027230389416218
2016-07-25,0.03482246771454811
2016-07-26,-0.002173818647861481
2016-07-27,-0.004444202873855829
2016-07-28,0.009278283454477787
2016-07-29,0.01812580786645412
2016-08-01,-0.0203586146235466
2016-08-02,-0.01221685018390417
2016-08-03,-0.006206002086400986
2016-08-04,0.02134730294346809
2016-08-05,-0.002515076659619808
2016-08-08,-0.01682387106120586
2016-08-09,0.01291120517998934
2016-08-10,-0.01497296988964081
2016-08-11,-0.003279371885582805
2016-08-12,0.00311234244145453
2016-08-15,-8.866748976288363e-05
2016-08-16,-0.00877696555107832
2016-08-17,-0.001654644729569554
2016-08-18,0.001209411420859396
2016-08-19,0.006666393019258976
2016-08-22,-0.00920003280043602
2016-08-23,0.008567728102207184
2016-08-24,-0.009873693808913231
2016-08-25,-0.007456600666046143
2016-08-26,-0.004389940295368433
2016-08-29,-0.02177375555038452
2016-08-30,-0.01793680526316166
2016-08-31,0.003170238342136145
2016-09-01,-0.05301632359623909
2016-09-02,-0.01489268988370895
2016-09-06,0.02553343586623669
2016-09-07,-0.00552184134721756
2016-09-08,-0.0215656440705061
2016-09-09,-0.01464328821748495
2016-09-12,0.01969456300139427
2016-09-13,-0.01134644448757172
2016-09-14,0.001836269395425916
2016-09-15,0.02041644789278507
2016-09-16,0.02484779804944992
2016-09-19,0.004576448351144791
2016-09-20,-0.008238814771175385
2016-09-21,0.002834254410117865
2016-09-22,0.005896070040762424
2016-09-23,0.004941163118928671
2016-09-26,0.00742351682856679
2016-09-27,-0.01521607674658298
2016-09-28,0.002235103864222765
2016-09-29,-0.02700347639620304
2016-09-30,0.01659193821251392
2016-10-03,0.04739498347043991
2016-10-04,-0.01071592606604099
2016-10-05,-0.01395391393452883
2016-10-06,-0.03578627482056618
2016-10-07,-0.02184079214930534
2016-10-10,0.02207413874566555
2016-10-11,-0.004229862242937088
2016-10-12,0.007046418730169535
2016-10-13,-0.006302362307906151
2016-10-14,-0.0186277013272047
2016-10-17,-0.01297637727111578
2016-10-18,0.02650030516088009
2016-10-19,0.02240075916051865
2016-10-20,-0.02190995961427689
2016-10-21,0.004972326569259167
2016-10-24,0.01334398612380028
2016-10-25,-0.002071405528113246
2016-10-26,-0.0004941723891533911
2016-10-27,0.008751923218369484
2016-10-28,-0.01980291865766048
2016-10-31,-0.01120170764625072
2016-11-01,-0.03509838134050369
2016-11-02,-0.01451852358877659
2016-11-03,-0.003191182157024741
2016-11-04,0.01675381138920784
2016-11-07,0.01390642952173948
2016-11-08,0.00895396526902914
2016-11-09,-0.02503336779773235
2016-11-10,-0.02478160336613655
2016-11-11,0.01731853932142258
2016-11-14,-0.03770683333277702
2016-11-15,0.01278593204915524
2016-11-16,0.0008705903892405331
2016-11-17,0.02571636624634266
2016-11-18,-0.01929396390914917
2016-11-21,-0.002702410565689206
2016-11-22,0.03603941947221756
2016-11-23,0.01030497066676617
2016-11-25,0.01817331649363041
2016-11-28,-0.00269513763487339
2016-11-29,-0.0333978570997715
2016-11-30,-0.0008968371548689902
2016-12-01,-0.03970427438616753
2016-12-02,-0.002254253719002008
2016-12-05,0.02937125600874424
2016-12-06,-0.005085636861622334
2016-12-07,0.03927892073988914
2016-12-08,-0.00445250142365694
2016-12-09,-0.0005720558110624552
2016-12-12,0.001300863805226982
2016-12-13,0.02972510270774364
2016-12-14,0.002725251484662294
2016-12-15,-0.005586595274507999
2016-12-16,0.02485071122646332
2016-12-19,0.001185195404104888
2016-12-20,0.0298919640481472
2016-12-21,-0.005220538936555386
2016-12-22,0.003610977437347174
2016-12-23,0.02345886081457138
2016-12-27,0.02901473082602024
2016-12-28,0.0009566196822561324
2016-12-29,-0.02302727103233337
2016-12-30,-0.004611469339579344
2017-01-03,0.01544294506311417
2017-01-04,0.04608507081866264
2017-01-05,-0.001057339482940733
2017-01-06,0.009966899640858173
2017-01-09,0.009912249632179737
2017-01-10,-0.006096522323787212
2017-01-11,-0.0006090372335165739
2017-01-12,-0.0006094084237702191
2017-01-13,0.03554163500666618
2017-01-17,-0.009127226658165455
2017-01-18,0.01180065702646971
2017-01-19,0.02265478298068047
2017-01-20,0.003979329019784927
2017-01-23,0.01712091825902462
2017-01-24,0.0228587593883276
2017-01-25,-0.0005498581449501216
2017-01-26,-0.007702309638261795
2017-01-27,0.001742514898069203
2017-01-30,-0.009171742014586926
2017-01-31,0.005186880007386208
2017-02-01,-0.01067751832306385
2017-02-02,0.009268165566027164
2017-02-03,-0.0008745824452489614
2017-02-06,0.0256236307322979
2017-02-07,-0.001124948728829622
2017-02-08,0.01786536909639835
2017-02-09,0.02716737613081932
2017-02-10,0.0001114367696573026
2017-02-13,0.04223152995109558
2017-02-14,0.001354258274659514
2017-02-15,-0.004341950174421072
2017-02-16,-0.03864025324583054
2017-02-17,0.01219557039439678
2017-02-21,0.01895457319915295
2017-02-22,-0.01398754306137562
2017-02-23,-0.06405617296695709
2017-02-24,0.00394544517621398
2017-02-27,-0.04190663248300552
2017-02-28,0.01527031604200602
2017-03-01,0.0001199999169330113
2017-03-02,0.001839818549342453
2017-03-03,0.004351691342890263
2017-03-06,-0.001431015669368207
2017-03-07,-0.01042956206947565
2017-03-08,-0.006919028237462044
2017-03-09,-0.007979913614690304
2017-03-10,-0.004940757527947426
2017-03-13,0.01017684675753117
2017-03-14,0.0480562299489975
2017-03-15,-0.008798466064035892
2017-03-16,0.02471353486180305
2017-03-17,-0.002098789671435952
2017-03-20,0.001606169855222106
2017-03-21,-0.04291394352912903
2017-03-22,0.01727302558720112
2017-03-23,-0.0009019086719490588
2017-03-24,0.03289113938808441
2017-03-27,0.02682777494192123
2017-03-28,0.02675601653754711
2017-03-29,-0.0002523240982554853
2017-03-30,0.001946818549185991
2017-03-31,0.001367207616567612
2017-04-03,0.07265541702508926
2017-04-04,0.01735235005617142
2017-04-05,-0.02864672988653183
2017-04-06,0.01254241447895765
2017-04-07,0.01285569556057453
2017-04-10,0.03255769610404968
2017-04-11,-0.01178022008389235
2017-04-12,-0.03845031186938286
2017-04-13,0.0241207517683506
2017-04-17,-0.008421044796705246
2017-04-18,-0.003947725519537926
2017-04-19,0.01755200326442719
2017-04-20,-0.009851988404989243
2017-04-21,0.01021452620625496
2017-04-24,0.007951546460390091
2017-04-25,0.01869951002299786
2017-04-26,-0.01153636164963245
2017-04-27,-0.004965046420693398
2017-04-28,0.01762629114091396
2017-05-01,0.02789180539548397
2017-05-02,-0.01220447942614555
2017-05-03,-0.02467943541705608
2017-05-04,-0.05002893134951591
2017-05-05,0.04362693801522255
2017-05-08,-0.003761970670893788
2017-05-09,0.04580229520797729
2017-05-10,0.0123264379799366
2017-05-11,-0.006518649403005838
2017-05-12,0.005292452406138182
2017-05-15,-0.02749297395348549
2017-05-16,0.003577323164790869
2017-05-17,-0.03438384830951691
2017-05-18,0.02270429767668247
2017-05-19,-0.007123270537704229
2017-05-22,-0.001544189755804837
2017-05-23,-0.02091193944215775
2017-05-24,0.02093074470758438
2017-05-25,0.02130741253495216
2017-05-26,0.02622866630554199
2017-05-30,0.03063292987644672
2017-05-31,0.01763653755187988
2017-06-01,-0.001876820693723857
2017-06-02,-0.001527716987766325
2017-06-05,0.02198028936982155
2017-06-06,0.01592191308736801
2017-06-07,0.01927161030471325
2017-06-08,0.02877799607813358
2017-06-09,-0.03427024930715561
2017-06-12,0.00472966069355607
2017-06-13,0.04718532040715218
2017-06-14,0.01252823881804943
2017-06-15,-0.01397574506700039
2017-06-16,-0.01049715559929609
2017-06-19,-0.004308040253818035
2017-06-20,0.006598168052732944
2017-06-21,0.01117559615522623
2017-06-22,0.0164983831346035
2017-06-23,0.002195517299696803
2017-06-26,-0.01554315257817507
2017-06-27,-0.04005403071641922
2017-06-28,0.02447773143649101
2017-06-29,-0.02825662866234779
2017-06-30,0.002383881714195013
2017-07-03,-0.02486101165413857
2017-07-05,-0.07240088284015656
2017-07-06,-0.05582564324140549
2017-07-07,0.01421498786658049
2017-07-10,0.0090351402759552
2017-07-11,0.03534255176782608
2017-07-12,0.007028873078525066
2017-07-13,-0.01854207739233971
2017-07-14,0.01351224444806576
2017-07-17,-0.02504726126790047
2017-07-18,0.02713015303015709
2017-07-19,-0.009078663773834705
2017-07-20,0.01432701107114553
2017-07-21,-0.004607236478477716
2017-07-24,0.04299633204936981
2017-07-25,-0.0085249999538064
2017-07-26,0.01251472253352404
2017-07-27,-0.02730846218764782
2017-07-28,0.001823882921598852
2017-07-31,-0.03461964800953865
2017-08-01,-0.01205674093216658
2017-08-02,0.0197765976190567
2017-08-03,0.0650525689125061
2017-08-04,0.02829239517450333
2017-08-07,-0.004875150974839926
2017-08-08,0.02829627320170403
2017-08-09,-0.004627354443073273
2017-08-10,-0.02236405573785305
2017-08-11,0.006949919275939465
2017-08-14,0.01657024212181568
2017-08-15,-0.004040685016661882
2017-08-16,0.001600797870196402
2017-08-17,-0.03028296306729317
2017-08-18,-0.01267339661717415
2017-08-21,-0.02762909792363644
2017-08-22,0.01032978389412165
2017-08-23,0.03345534577965736
2017-08-24,0.0004535636981017888
2017-08-25,-0.0138271190226078
2017-08-28,-0.006866784300655127
2017-08-29,0.004918074700981379
2017-08-30,0.01675497367978096
2017-08-31,0.007701458875089884
2017-09-01,-0.001404889044351876
2017-09-05,-0.01634776964783669
2017-09-06,-0.01447409112006426
2017-09-07,0.01764719001948833
2017-09-08,-0.02056413516402245
2017-09-11,0.05908564105629921
2017-09-12,-0.002584625501185656
2017-09-13,0.009593414142727852
2017-09-14,0.03115529380738735
2017-09-15,0.005746167618781328
2017-09-18,0.01366473361849785
2017-09-19,-0.02571427077054977
2017-09-20,-0.00317249377258122
2017-09-21,-0.01987107284367085
2017-09-22,-0.04199414327740669
2017-09-25,-0.01737448014318943
2017-09-26,0.0007536733755841851
2017-09-27,-0.01239681057631969
2017-09-28,-0.004017934668809175
2017-09-29,0.004416961222887039
2017-10-02,0.001260605873540044
2017-10-03,0.01935412921011448
2017-10-04,0.01973342522978783
2017-10-05,0.0009013176895678043
2017-10-06,0.004362193867564201
2017-10-09,-0.03906075656414032
2017-10-10,0.03688690066337585
2017-10-11,-0.00278407777659595
2017-10-12,0.003045647405087948
2017-10-13,-0.0003092255792580545
2017-10-16,-0.01397756021469831
2017-10-17,0.01468908693641424
2017-10-18,0.01096273772418499
2017-10-19,-0.02179896086454391
2017-10-20,-0.0190727710723877
2017-10-23,-0.02341355197131634
2017-10-24,0.0009495203266851604
2017-10-25,-0.03409023582935333
2017-10-26,0.00101281946990639
2017-10-27,-0.01624925062060356
2017-10-30,-0.002462083008140326
2017-10-31,0.03577234596014023
2017-11-01,-0.03152056410908699
2017-11-02,-0.06795807182788849
2017-11-03,0.0228229183703661
2017-11-06,-0.01081380527466536
2017-11-07,0.01079988479614258
2017-11-08,-0.005423862952739
2017-11-09,-0.004599442705512047
2017-11-10,0.0
2017-11-13,0.0409584604203701
2017-11-14,-0.02124280855059624
2017-11-15,0.008422337472438812
2017-11-16,0.003854841692373157
2017-11-17,0.008159960620105267
2017-11-20,-0.02002855949103832
2017-11-21,0.02937749400734901
2017-11-22,-0.01639341562986374
2017-11-24,0.00943692121654749
2017-11-27,0.003993059042841196
2017-11-28,0.002335753990337253
2017-11-29,-0.03152253106236458
2017-11-30,0.004259600304067135
2017-12-01,-0.007511760573834181
2017-12-04,-0.004338846541941166
2017-12-05,-0.004914809949696064
2017-12-06,0.03147842362523079
2017-12-07,-0.006448379717767239
2017-12-08,0.01249844115227461
2017-12-11,0.04372797906398773
2017-12-12,0.03684896975755692
2017-12-13,-0.005864586681127548
2017-12-14,-0.003362487535923719
2017-12-15,0.01645505055785179
2017-12-18,-0.01333532389253378
2017-12-19,-0.02292911522090435
2017-12-20,-0.006402884609997272
2017-12-21,0.008146368898451328
2017-12-22,-0.01947775296866894
2017-12-26,-0.02432350441813469
2017-12-27,-0.01780703291296959
2017-12-28,0.01193675585091114
2017-12-29,-0.01271556131541729
2018-01-02,0.02948447875678539
2018-01-03,-0.01023304741829634
2018-01-04,-0.008290007710456848
2018-01-05,0.006229710299521685
2018-01-08,0.06263825297355652
2018-01-09,-0.008085375651717186
2018-01-10,0.003326396690681577
2018-01-11,0.009408675134181976
2018-01-12,-0.005119132809340954
2018-01-16,0.01142108254134655
2018-01-17,0.02087868563830853
2018-01-18,-0.007460526190698147
2018-01-19,0.01581676118075848
2018-01-22,0.004399773199111223
2018-01-23,0.003498722799122334
2018-01-24,-0.01955835893750191
2018-01-25,-0.02385151199996471
2018-01-26,0.01543061062693596
2018-01-29,0.01948371715843678
2018-01-30,-0.01061422936618328
2018-01-31,0.02455031499266624
2018-02-01,-0.01428127195686102
2018-02-02,-0.015748031437397
2018-02-05,-0.03089453093707561
2018-02-06,0.002521526999771595
2018-02-07,0.03302691504359245
2018-02-08,-0.08628982305526733
2018-02-09,-0.01525869127362967
2018-02-12,0.01710584759712219
2018-02-13,0.02511637285351753
2018-02-14,-0.004171062726527452
2018-02-15,0.03647111356258392
2018-02-16,0.004265600349754095
2018-02-20,-0.002146118320524693
2018-02-21,-0.004391078371554613
2018-02-22,0.0386139415204525
2018-02-23,0.01698580011725426
2018-02-26,0.01525358855724335
2018-02-27,-0.0179901048541069
2018-02-28,-0.02259321510791779
2018-03-01,-0.03535826131701469
2018-03-02,0.01266129594296217
2018-03-05,-0.005281657446175814
2018-03-06,-0.01544920913875103
2018-03-07,0.01249230746179819
2018-03-08,-0.009629798121750355
2018-03-09,-0.005864456295967102
2018-03-12,0.05605646967887878
2018-03-13,-0.01062201801687479
2018-03-14,-0.04449447616934776
2018-03-15,-0.003153411438688636
2018-03-16,-0.01305282488465309
2018-03-19,-0.02424150705337524
2018-03-20,-0.009599469602108002
2018-03-21,0.01925619505345821
2018-03-22,-0.02347326464951038
2018-03-23,-0.02445809543132782
2018-03-26,0.008755004033446312
2018-03-27,-0.082188181579113
2018-03-28,-0.07665303349494934
2018-03-29,0.0323919877409935
2018-04-02,-0.05129075422883034
2018-04-03,0.05960869416594505
2018-04-04,0.0725526213645935
2018-04-05,0.06544921547174454
2018-04-06,-0.02099965140223503
2018-04-09,-0.03220843523740768
2018-04-10,0.05192297324538231
2018-04-11,-0.0123728895559907
2018-04-12,-0.02276279032230377
2018-04-13,0.02128675952553749
2018-04-16,-0.0303988978266716
2018-04-17,-0.01208745967596769
2018-04-18,0.01967396773397923
2018-04-19,0.02294181101024151
2018-04-20,-0.03279124572873116
2018-04-23,-0.02367004938423634
2018-04-24,0.0003175930469296873
2018-04-25,-0.009772063232958317
2018-04-26,0.01706511899828911
2018-04-27,0.03010719083249569
2018-04-30,-0.0005951485363766551
2018-05-01,0.020483223721385
2018-05-02,0.004101028200238943
2018-05-03,-0.05545403435826302
2018-05-04,0.03388990461826324
2018-05-07,0.02951475046575069
2018-05-08,-0.002642229432240129
2018-05-09,0.01616056263446808
2018-05-10,-0.005963881500065327
2018-05-11,-0.01298272795975208
2018-05-14,-0.03019330464303493
2018-05-15,-0.02668085321784019
2018-05-16,0.00809352658689022
2018-05-17,-0.006771859712898731
2018-05-18,-0.02713151462376118
2018-05-21,0.02770747244358063
2018-05-22,-0.03332272171974182
2018-05-23,0.01476308982819319
2018-05-24,-0.00437166728079319
2018-05-25,0.003599064191803336
2018-05-29,0.01760804653167725
2018-05-30,0.02805184386670589
2018-05-31,-0.02396130003035069
2018-06-01,0.0249007698148489
2018-06-04,0.01685964874923229
2018-06-05,-0.0189053900539875
2018-06-06,0.09744785726070404
2018-06-07,-0.01067293807864189
2018-06-08,0.004966963082551956
2018-06-11,0.04545741528272629
2018-06-12,0.03212882578372955
2018-06-13,0.00586401904001832
2018-06-14,0.03753118589520454
2018-06-15,0.001258001197129488
2018-06-18,0.03534626588225365
2018-06-19,-0.04929482191801071
2018-06-20,0.0274287723004818
2018-06-21,-0.0406106561422348
2018-06-22,-0.03994131088256836
2018-06-25,-0.00185833137948066
2018-06-26,0.02699615620076656
2018-06-27,0.007309941574931145
2018-06-28,0.01576195284724236
2018-06-29,-0.01994679123163223
2018-07-02,-0.02297712303698063
2018-07-03,-0.07225362211465836
2018-07-05,-0.005468640942126513
2018-07-06,-0.0008410200825892389
2018-07-09,0.03111044317483902
2018-07-10,0.01243286300450563
2018-07-11,-0.01088476367294788
2018-07-12,-0.007054176181554794
2018-07-13,0.006820131093263626
2018-07-16,-0.02750333771109581
2018-07-17,0.04059979319572449
2018-07-18,0.003594792680814862
2018-07-19,-0.01117799896746874
2018-07-20,-0.02076639980077744
2018-07-23,-0.03310152143239975
2018-07-24,-0.01903040707111359
2018-07-25,0.03802574798464775
2018-07-26,-0.006769438274204731
2018-07-27,-0.03088211826980114
2018-07-30,-0.02358832769095898
2018-07-31,0.0274666603654623
2018-08-01,0.009056086651980877
2018-08-02,0.1618801057338715
2018-08-03,-0.003919423092156649
2018-08-06,-0.01775001548230648
2018-08-07,0.1098863035440445
2018-08-08,-0.02431701868772507
2018-08-09,-0.04830691963434219
2018-08-10,0.008625274524092674
2018-08-13,0.002588015049695969
2018-08-14,-0.02460646070539951
2018-08-15,-0.02574505843222141
2018-08-16,-0.009566240943968296
2018-08-17,-0.08928308635950089
2018-08-20,0.009623575955629349
2018-08-21,0.0436389297246933
2018-08-22,-0.0008076397934928536
2018-08-23,-0.004787988029420376
2018-08-24,0.008497348055243492
2018-08-27,-0.01099689677357674
2018-08-28,-0.02320920862257481
2018-08-29,-0.0219649076461792
2018-08-30,-0.006098212674260139
2018-08-31,-0.004915026482194662
2018-09-04,-0.04213349893689156
2018-09-05,-0.02841329574584961
2018-09-06,0.0007481013890355825
2018-09-07,-0.06303620338439941
2018-09-10,0.08456165343523026
2018-09-11,-0.02122591063380241
2018-09-12,0.03972232341766357
2018-09-13,-0.003717274870723486
2018-09-14,0.01983010023832321
2018-09-17,-0.001219565863721073
2018-09-18,-0.03350971639156342
2018-09-19,0.04934025183320045
2018-09-20,-0.002307546092197299
2018-09-21,0.002581099979579449
2018-09-24,0.001939105801284313
2018-09-25,0.00437132129445672
2018-09-26,0.02853914350271225
2018-09-27,-0.006654168944805861
2018-09-28,-0.1390153467655182
2018-10-01,0.1734714061021805
2018-10-02,-0.03115552850067616
2018-10-03,-0.02066308446228504
2018-10-04,-0.0439959354698658
2018-10-05,-0.07053889334201813
2018-10-08,-0.04348163306713104
2018-10-09,0.04885053634643555
2018-10-10,-0.02252657152712345
2018-10-11,-0.01810187287628651
2018-10-12,0.02596837468445301
2018-10-15,0.003130062483251095
2018-10-16,0.06548788398504257
2018-10-17,-0.01739035174250603
2018-10-18,-0.02895722724497318
2018-10-19,-0.01481567043811083
2018-10-22,0.003653893014416099
2018-10-23,0.127189114689827
2018-10-24,-0.01917459070682526
2018-10-25,0.09136909991502762
2018-10-26,0.05094330757856369
2018-10-29,0.01193717867136002
2018-10-30,-0.01478277426213026
2018-10-31,0.022491704672575
2018-11-01,0.02063320018351078
2018-11-02,0.00618683872744441
2018-11-05,-0.01446265913546085
2018-11-06,-0.0009958884911611676
2018-11-07,0.02081746980547905
2018-11-08,0.009306037798523903
2018-11-09,-0.002532681217417121
2018-11-12,-0.05486294254660606
2018-11-13,0.02248856611549854
2018-11-14,0.01555808074772358
2018-11-15,0.01290698349475861
2018-11-16,0.01684650219976902
2018-11-19,-0.00237079500220716
2018-11-20,-0.01691801473498344
2018-11-21,-0.02676332555711269
2018-11-23,-0.03654754906892776
2018-11-26,0.06190349161624908
2018-11-27,-0.00601152190938592
2018-11-28,0.01148517522960901
2018-11-29,-0.01926001533865929
2018-11-30,0.02728844061493874
2018-12-03,0.02285431139171124
2018-12-04,0.003375329775735736
2018-12-06,0.009341076947748661
2018-12-07,-0.01403349637985229
2018-12-10,0.02007178775966167
2018-12-11,0.004409190267324448
2018-12-12,-0.0004362625768408179
2018-12-13,0.02779596857726574
2018-12-14,-0.02940634451806545
2018-12-17,-0.04727783799171448
2018-12-18,-0.03269047290086746
2018-12-19,-0.01204639859497547
2018-12-20,-0.05282757058739662
2018-12-21,0.01391966547816992
2018-12-24,-0.07624222338199615
2018-12-26,0.1039303317666054
2018-12-27,-0.03054368868470192
2018-12-28,0.05611612275242805
2018-12-31,-0.003204862121492624
2019-01-02,-0.06814901530742645
2019-01-03,-0.03147172182798386
2019-01-04,0.05769748985767365
2019-01-07,0.05436113476753235
2019-01-08,0.001164361834526062
2019-01-09,0.009482608176767826
2019-01-10,0.01902343146502972
2019-01-11,0.006638283375650644
2019-01-14,-0.03703281655907631
2019-01-15,0.02999401651322842
2019-01-16,0.004703409038484097
2019-01-17,0.003641120623797178
2019-01-18,-0.1297111809253693
2019-01-22,-0.01105007715523243
2019-01-23,-0.03790317475795746
2019-01-24,0.01363056246191263
2019-01-25,0.01897018402814865
2019-01-28,-0.002221935195848346
2019-01-29,0.003643925301730633
2019-01-30,0.03802191093564034
2019-01-31,-0.005667649209499359
2019-02-01,0.0169044453650713
2019-02-04,0.002178095513954759
2019-02-05,0.02703822776675224
2019-02-06,-0.01285204570740461
2019-02-07,-0.03060964494943619
2019-02-08,-0.005560866091400385
2019-02-11,0.02302161231637001
2019-02-12,-0.003292413894087076
2019-02-13,-0.01167372521013021
2019-02-14,-0.01427791267633438
2019-02-15,0.01353002618998289
2019-02-19,-0.007275530137121677
2019-02-20,-0.01007727067917585
2019-02-21,-0.03744707256555557
2019-02-22,0.01194925047457218
2019-02-25,0.01377624645829201
2019-02-26,-0.003045833669602871
2019-02-27,0.05667093768715858
2019-02-28,0.01633098721504211
2019-03-01,-0.07843565195798874
2019-03-04,-0.0319889523088932
2019-03-05,-0.03090824745595455
2019-03-06,-0.001084900228306651
2019-03-07,0.001267036306671798
2019-03-08,0.02729678712785244
2019-03-11,0.02386147156357765
2019-03-12,-0.02598662115633488
2019-03-13,0.01976286806166172
2019-03-14,0.003460686653852463
2019-03-15,-0.0501103587448597
2019-03-18,-0.02156628854572773
2019-03-19,-0.007495599333196878
2019-03-20,0.02291847579181194
2019-03-21,0.001535025192424655
2019-03-22,-0.03463247418403625
2019-03-25,-0.01553693506866693
2019-03-26,0.02822354435920715
2019-03-27,0.02636590227484703
2019-03-28,0.01379037462174892
2019-03-29,0.004450471140444279
2019-04-01,0.03330239281058311
2019-04-02,-0.01141153555363417
2019-04-03,0.02074294351041317
2019-04-04,-0.08234810084104538
2019-04-05,0.02681302838027477
2019-04-08,-0.006400855723768473
2019-04-09,-0.003257740056142211
2019-04-10,0.01377107016742229
2019-04-11,-0.02767508663237095
2019-04-12,-0.00268236780539155
2019-04-15,-0.004930919967591763
2019-04-16,0.0262030940502882
2019-04-17,-0.007791829295456409
2019-04-18,0.007484417874366045
2019-04-22,-0.03846157342195511
2019-04-23,0.004376760683953762
2019-04-24,-0.01985596865415573
2019-04-25,-0.04264284670352936
2019-04-26,-0.05043817311525345
2019-04-29,0.0269201397895813
2019-04-30,-0.01151281222701073
2019-05-01,-0.01960705406963825
2019-05-02,0.04311786592006683
2019-05-03,0.04477670043706894
2019-05-06,0.001215533702634275
2019-05-07,-0.0324273481965065
2019-05-08,-0.008985676802694798
2019-05-09,-0.01168110035359859
2019-05-10,-0.01016609463840723
2019-05-13,-0.05222949758172035
2019-05-14,0.02334700338542461
2019-05-15,-0.001549656153656542
2019-05-16,-0.01560679078102112
2019-05-17,-0.07576753944158554
2019-05-20,-0.02686820924282074
2019-05-21,-0.001363453338854015
2019-05-22,-0.06022043153643608
2019-05-23,0.01432060264050961
2019-05-24,-0.02486060932278633
2019-05-28,-0.01012436579912901
2019-05-29,0.006147343199700117
2019-05-30,-0.008637940511107445
2019-05-31,-0.01625755801796913
2019-06-03,-0.0334305576980114
2019-06-04,0.08174557238817215
2019-06-05,0.01544416416436434
2019-06-06,0.0476117841899395
2019-06-07,-0.007040529046207666
2019-06-10,0.04097801819443703
2019-06-11,0.01982337981462479
2019-06-12,-0.03611244261264801
2019-06-13,0.02222120389342308
2019-06-14,0.004721586126834154
2019-06-17,0.04704076424241066
2019-06-18,-0.001288687228225172
2019-06-19,0.007519743405282497
2019-06-20,-0.03007551096379757
2019-06-21,0.0101994602009654
2019-06-24,0.00802307203412056
2019-06-25,-0.01734933257102966
2019-06-26,-0.002229660749435425
2019-06-27,0.0162812601774931
2019-06-28,0.002782311988994479
2019-07-01,0.01660248450934887
2019-07-02,-0.01153319142758846
2019-07-03,0.04609214141964912
2019-07-05,-0.00766278337687254
2019-07-08,-0.0118404533714056
2019-07-09,-0.001215589116327465
2019-07-10,0.03851169720292091
2019-07-11,-0.001339327311143279
2019-07-12,0.02715840563178062
2019-07-15,0.03435612097382545
2019-07-16,-0.00441812677308917
2019-07-17,0.009826434776186943
2019-07-18,-0.005179342813789845
2019-07-19,0.0183008573949337
2019-07-22,-0.00968316663056612
2019-07-23,0.01756109483540058
2019-07-24,0.01810351386666298
2019-07-25,-0.1361371129751205
2019-07-26,-0.003408854128792882
2019-07-29,0.03389761224389076
2019-07-30,0.02752678468823433
2019-07-31,-0.002683042548596859
2019-08-01,-0.03211785480380058
2019-08-02,0.002095318399369717
2019-08-05,-0.02568912319839001
2019-08-06,0.01064292527735233
2019-08-07,0.01157095655798912
2019-08-08,0.02090654149651527
2019-08-09,-0.01380616240203381
2019-08-12,-0.02553082816302776
2019-08-13,0.02615608833730221
2019-08-14,-0.06544683128595352
2019-08-15,-0.01812219247221947
2019-08-16,0.01994065567851067
2019-08-19,0.03132672235369682
2019-08-20,-0.004276335705071688
2019-08-21,-0.02227042801678181
2019-08-22,0.005977412685751915
2019-08-23,-0.04839072749018669
2019-08-26,0.01702935807406902
2019-08-27,-0.0042790612205863
2019-08-28,0.007053412031382322
2019-08-29,0.02838726527988911
2019-08-30,0.01759051904082298
2019-09-03,-0.002659483579918742
2019-09-04,-0.01924359798431396
2019-09-05,0.04032993316650391
2019-09-06,-0.009277832694351673
2019-09-09,0.01908110082149506
2019-09-10,0.01617843843996525
2019-09-11,0.04907876998186111
2019-09-12,-0.004977785982191563
2019-09-13,-0.002725009806454182
2019-09-16,-0.009747142903506756
2019-09-17,0.008154506795108318
2019-09-18,-0.005310624837875366
2019-09-19,0.01277260109782219
2019-09-20,-0.0242498405277729
2019-09-23,0.002535120118409395
2019-09-24,-0.07470045238733292
2019-09-25,0.02459562756121159
2019-09-26,0.06060341373085976
2019-09-27,-0.001772727118805051
2019-09-30,-0.005203856155276299
2019-10-01,0.01585920713841915
2019-10-02,-0.006375403609126806
2019-10-03,-0.04154158756136894
2019-10-04,-0.006866095121949911
2019-10-07,0.02717888168990612
2019-10-08,0.009801454842090607
2019-10-09,0.01866276003420353
2019-10-10,0.0008588177734054625
2019-10-11,0.01287077646702528
2019-10-14,0.03658877685666084
2019-10-15,0.003619330702349544
2019-10-16,0.00721232034265995
2019-10-17,0.008546683937311172
2019-10-18,-0.01916245743632317
2019-10-21,-0.01342678349465132
2019-10-22,0.008205135352909565
2019-10-23,-0.003521437989547849
2019-10-24,0.176692321896553
2019-10-25,0.09493464231491089
2019-10-28,-0.001280021388083696
2019-10-29,-0.03506145998835564
2019-10-30,-0.003826422849670053
2019-10-31,-0.0002856935898307711
2019-11-01,-0.005112459883093834
2019-11-04,0.01327759586274624
2019-11-05,-0.0007874759612604976
2019-11-06,0.02950629033148289
2019-11-07,0.0274359192699194
2019-11-08,0.00476845121011138
2019-11-11,0.02358065359294415
2019-11-12,0.01402531657367945
2019-11-13,-0.01091649010777473
2019-11-14,0.009361245669424534
2019-11-15,0.008072154596447945
2019-11-18,-0.006190258078277111
2019-11-19,0.02722934633493423
2019-11-20,-0.02030481770634651
2019-11-21,0.007410099729895592
2019-11-22,-0.06140962988138199
2019-11-25,0.00990868266671896
2019-11-26,-0.02206095866858959
2019-11-27,0.007205384317785501
2019-11-29,-0.00407499773427844
2019-12-02,0.01494208816438913
2019-12-03,0.003971741534769535
2019-12-04,-0.00942895095795393
2019-12-05,-0.007987279444932938
2019-12-06,0.01670859754085541
2019-12-09,0.0108368331566453
2019-12-10,0.02742025069892406
2019-12-11,0.01106529030948877
2019-12-12,0.01979013346135616
2019-12-13,-0.003586460370570421
2019-12-16,0.06448278576135635
2019-12-17,-0.006579318083822727
2019-12-18,0.0373624749481678
2019-12-19,0.02769938856363297
2019-12-20,0.003836223622784019
2019-12-23,0.03360537812113762
2019-12-24,0.01438385248184204
2019-12-26,0.01338037010282278
2019-12-27,-0.001299479161389172
2019-12-30,-0.0364329032599926
2019-12-31,0.008753253147006035
2020-01-02,0.02851821109652519
2020-01-03,0.02963324449956417
2020-01-06,0.01925464160740376
2020-01-07,0.03880052268505096
2020-01-08,0.04920483008027077
2020-01-09,-0.02194501087069511
2020-01-10,-0.006627337075769901
2020-01-13,0.09768899530172348
2020-01-14,0.02488282136619091
2020-01-15,-0.03610199317336082
2020-01-16,-0.009662507101893425
2020-01-17,-0.005822879262268543
2020-01-21,0.07189032435417175
2020-01-22,0.0408625453710556
2020-01-23,0.004635182674974203
2020-01-24,-0.01289759669452906
2020-01-27,-0.01203921157866716
2020-01-28,0.01591341570019722
2020-01-29,0.02485441043972969
2020-01-30,0.1029621958732605
2020-01-31,0.01523073855787516
2020-02-03,0.1989486068487167
2020-02-04,0.1372564136981964
2020-02-05,-0.1717583835124969
2020-02-06,0.01940929517149925
2020-02-07,-0.001188333961181343
2020-02-10,0.03102653659880161
2020-02-11,0.004019260872155428
2020-02-12,-0.009155746549367905
2020-02-13,0.04784373939037323
2020-02-14,-0.004937774501740932
2020-02-18,0.07295975834131241
2020-02-19,0.06875577569007874
2020-02-20,-0.01963115110993385
2020-02-21,0.001767855486832559
2020-02-24,-0.07459492236375809
2020-02-25,-0.04063373804092407
2020-02-26,-0.02639045193791389
2020-02-27,-0.1281458586454391
2020-02-28,-0.01621503569185734
2020-03-02,0.1132202669978142
2020-03-03,0.002541640540584922
2020-03-04,0.005352027714252472
2020-03-05,-0.03330223262310028
2020-03-06,-0.02906671538949013
2020-03-09,-0.1357252299785614
2020-03-10,0.06139805540442467
2020-03-11,-0.01720055751502514
2020-03-12,-0.1161723583936691
2020-03-13,-0.02485058084130287
2020-03-16,-0.1857780367136002
2020-03-17,-0.03341046348214149
2020-03-18,-0.1603440493345261
2020-03-19,0.1838769018650055
2020-03-20,-0.0002572628145571798
2020-03-23,0.01581177860498428
2020-03-24,0.1628174483776093
2020-03-25,0.06782178580760956
2020-03-26,-0.02056564949452877
2020-03-27,-0.02612842433154583
2020-03-30,-0.02377708442509174
2020-03-31,0.04355444759130478
2020-04-01,-0.08099237084388733
2020-04-02,-0.05625466629862785
2020-04-03,0.05619734898209572
2020-04-06,0.07547755539417267
2020-04-07,0.0565822534263134
2020-04-08,0.006215078290551901
2020-04-09,0.04402006417512894
2020-04-13,0.1360384225845337
2020-04-14,0.09054458886384964
2020-04-15,0.02808886207640171
2020-04-16,0.02107340656220913
2020-04-17,0.0116477133706212
2020-04-20,-0.00998823344707489
2020-04-21,-0.0799078419804573
2020-04-22,0.06609683483839035
2020-04-23,-0.03616940230131149
2020-04-24,0.02766324952244759
2020-04-27,0.1014962047338486
2020-04-28,-0.03709546849131584
2020-04-29,0.0408128947019577
2020-04-30,-0.0232726689428091
2020-05-01,-0.1030337065458298
2020-05-04,0.0853675827383995
2020-05-05,0.009222427383065224
2020-05-06,0.018705815076828
2020-05-07,-0.003245724365115166
2020-05-08,0.05048459768295288
2020-05-11,-0.009921657852828503
2020-05-12,-0.002317303325980902
2020-05-13,-0.02279432117938995
2020-05-14,0.01563921570777893
2020-05-15,-0.00517848739400506
2020-05-18,0.01809380017220974
2020-05-19,-0.006907310336828232
2020-05-20,0.009343928657472134
2020-05-21,0.01476283557713032
2020-05-22,-0.01295308209955692
2020-05-26,0.002436086302623153
2020-05-27,0.001660807407461107
2020-05-28,-0.0175804141908884
2020-05-29,0.03622442483901978
2020-06-01,0.07556883245706558
2020-06-02,-0.01841663382947445
2020-06-03,0.001588121522217989
2020-06-04,-0.02104287408292294
2020-06-05,0.02461876533925533
2020-06-08,0.07255607098340988
2020-06-09,-0.00973766203969717
2020-06-10,0.08970209211111069
2020-06-11,-0.05093412101268768
2020-06-12,-0.0386086069047451
2020-06-15,0.05946881324052811
2020-06-16,-0.00885055959224701
2020-06-17,0.009835737757384777
2020-06-18,0.01227078773081303
2020-06-19,-0.003047927748411894
2020-06-22,-0.006574100349098444
2020-06-23,0.00750263687223196
2020-06-24,-0.04085732623934746
2020-06-25,0.0261539313942194
2020-06-26,-0.02661310695111752
2020-06-29,0.05169106647372246
2020-06-30,0.06980738788843155
2020-07-01,0.03687680512666702
2020-07-02,0.07951736450195312
2020-07-06,0.13479383289814
2020-07-07,0.01332771684974432
2020-07-08,-0.01725352182984352
2020-07-09,0.02079247310757637
2020-07-10,0.107847772538662
2020-07-13,-0.0308095458894968
2020-07-14,0.01318583730608225
2020-07-15,0.01925762183964252
2020-07-16,-0.02934650890529156
2020-07-17,0.0001332439278485253
2020-07-20,0.09472031146287918
2020-07-21,-0.04542910307645798
2020-07-22,0.01528346259146929
2020-07-23,-0.04977612197399139
2020-07-24,-0.06349339336156845
2020-07-27,0.08652079850435257
2020-07-28,-0.0409911572933197
2020-07-29,0.01532011386007071
2020-07-30,-0.007751262746751308
2020-07-31,-0.03813805803656578
2020-08-03,0.03790991380810738
2020-08-04,0.00134680129121989
2020-08-05,-0.001331526902504265
2020-08-06,0.003070622915402055
2020-08-07,-0.02475194074213505
2020-08-10,-0.02350091561675072
2020-08-11,-0.03114399313926697
2020-08-12,0.1312364041805267
2020-08-13,0.04260464012622833
2020-08-14,0.01832816749811172
2020-08-17,0.1120306178927422
2020-08-18,0.0280283447355032
2020-08-19,-0.00453605130314827
2020-08-20,0.06563638895750046
2020-08-21,0.02405300363898277
2020-08-24,-0.01745384372770786
2020-08-25,0.004537789151072502
2020-08-26,0.06416615843772888
2020-08-27,0.03974608704447746
2020-08-28,-0.01132332626730204
2020-08-31,0.1256890445947647
2020-09-01,-0.04669693857431412
2020-09-02,-0.05826753750443459
2020-09-03,-0.09023849666118622
2020-09-04,0.02781328558921814
2020-09-08,-0.2106282562017441
2020-09-09,0.1092335432767868
2020-09-10,0.01381456106901169
2020-09-11,0.003716283943504095
2020-09-14,0.1258317083120346
2020-09-15,0.07182692736387253
2020-09-16,-0.0177872646600008
2020-09-17,-0.04149315506219864
2020-09-18,0.04421038180589676
2020-09-21,0.01637458056211472
2020-09-22,-0.05598701164126396
2020-09-23,-0.1034109443426132
2020-09-24,0.01953418739140034
2020-09-25,0.05041385069489479
2020-09-28,0.03402566909790039
2020-09-29,-0.005056991707533598
2020-09-30,0.02371919341385365
2020-10-01,0.04463763907551765
2020-10-02,-0.07379062473773956
2020-10-05,0.02551253139972687
2020-10-06,-0.02748539298772812
2020-10-07,0.02734425850212574
2020-10-08,0.001457854872569442
2020-10-09,0.0189706664532423
2020-10-12,0.01912439614534378
2020-10-13,0.00983496755361557
2020-10-14,0.03279971703886986
2020-10-15,-0.02692387439310551
2020-10-16,-0.02051771432161331
2020-10-19,-0.02010604925453663
2020-10-20,-0.02063455246388912
2020-10-21,0.001659032539464533
2020-10-22,0.007453137077391148
2020-10-23,-0.01211865805089474
2020-10-26,-0.0008320997003465891
2020-10-27,0.01046919636428356
2020-10-28,-0.04393897578120232
2020-10-29,0.0118467016145587
2020-10-30,-0.05547301471233368
2020-11-02,0.03213586658239365
2020-11-03,0.05840049684047699
2020-11-04,-0.006888377014547586
2020-11-05,0.04064322635531425
2020-11-06,-0.01858062110841274
2020-11-09,-0.02021165750920773
2020-11-10,-0.02587481401860714
2020-11-11,0.01649775728583336
2020-11-12,-0.01287367288023233
2020-11-13,-0.007917257025837898
2020-11-16,-0.001003680983558297
2020-11-17,0.08213871717453003
2020-11-18,0.1019678711891174
2020-11-19,0.02595342323184013
2020-11-20,-0.01934825628995895
2020-11-23,0.06584831327199936
2020-11-24,0.06425224244594574
2020-11-25,0.03352658450603485
2020-11-27,0.02048782259225845
2020-11-30,-0.03100251592695713
2020-12-01,0.03023261949419975
2020-12-02,-0.02725904993712902
2020-12-03,0.04317709803581238
2020-12-04,0.009538530372083187
2020-12-07,0.07131415605545044
2020-12-08,0.01265269704163074
2020-12-09,-0.0698590874671936
2020-12-10,0.03737100958824158
2020-12-11,-0.02723781578242779
2020-12-14,0.04891888052225113
2020-12-15,-0.01028400845825672
2020-12-16,-0.01654951460659504
2020-12-17,0.05319781601428986
2020-12-18,0.0596127063035965
2020-12-21,-0.06494966149330139
2020-12-22,-0.01464924588799477
2020-12-23,0.00880774762481451
2020-12-24,0.02444354258477688
2020-12-28,0.002901284256950021
2020-12-29,0.003465455025434494
2020-12-30,0.04322893545031548
2020-12-31,0.01567395962774754
2021-01-04,0.03415199369192123
2021-01-05,0.007317326962947845
2021-01-06,0.0283903032541275
2021-01-07,0.07944654673337936
2021-01-08,0.07840307056903839
2021-01-11,-0.0782141461968422
2021-01-12,0.04715294763445854
2021-01-13,0.00585087900981307
2021-01-14,-0.01101341657340527
2021-01-15,-0.02229589037597179
2021-01-19,0.02225962840020657
2021-01-20,0.006985997781157494
2021-01-21,-0.006420156452804804
2021-01-22,0.001952714752405882
2021-01-25,0.04034769535064697
2021-01-26,0.002599953673779964
2021-01-27,-0.02143615297973156
2021-01-28,-0.03324613720178604
2021-01-29,-0.05015376955270767
2021-02-01,0.05832163617014885
2021-02-02,0.03927076607942581
2021-02-03,-0.02073806524276733
2021-02-04,-0.005499084014445543
2021-02-05,0.002635313663631678
2021-02-08,0.01313026156276464
2021-02-09,-0.01616821624338627
2021-02-10,-0.05255104973912239
2021-02-11,0.008498752489686012
2021-02-12,0.00549493869766593
2021-02-16,-0.02438369952142239
2021-02-17,0.002424020785838366
2021-02-18,-0.01349372789263725
2021-02-19,-0.007721833419054747
2021-02-22,-0.08549851179122925
2021-02-23,-0.02191738784313202
2021-02-24,0.06178809329867363
2021-02-25,-0.0805908814072609
2021-02-26,-0.009850152768194675
2021-03-01,0.06355291604995728
2021-03-02,-0.04452763870358467
2021-03-03,-0.04842373728752136
2021-03-04,-0.04862218350172043
2021-03-05,-0.03779928758740425
2021-03-08,-0.05844972282648087
2021-03-09,0.1964121013879776
2021-03-10,-0.008195046335458755
2021-03-11,0.04721129685640335
2021-03-12,-0.008390502072870731
2021-03-15,0.02048350498080254
2021-03-16,-0.04387377202510834
2021-03-17,0.03683074191212654
2021-03-18,-0.06932079046964645
2021-03-19,0.002618075348436832
2021-03-22,0.02310382947325706
2021-03-23,-0.01170153263956308
2021-03-24,-0.04816049709916115
2021-03-25,0.01605660282075405
2021-03-26,-0.03385435789823532
2021-03-29,-0.01199276465922594
2021-03-30,0.03980110585689545
2021-03-31,0.05083225667476654
2021-04-01,-0.00925245601683855
2021-04-05,0.04427652060985565
2021-04-06,0.000824842369183898
2021-04-07,-0.02985747158527374
2021-04-08,0.01912159658968449
2021-04-09,-0.009915133938193321
2021-04-12,0.03686739131808281
2021-04-13,0.08595690876245499
2021-04-14,-0.03947164863348007
2021-04-15,0.00904086884111166
2021-04-16,0.001258785603567958
2021-04-19,-0.03399662673473358
2021-04-20,0.00610103877261281
2021-04-21,0.03495181351900101
2021-04-22,-0.03283071517944336
2021-04-23,0.01349195092916489
2021-04-26,0.01206469349563122
2021-04-27,-0.04532649740576744
2021-04-28,-0.01467202976346016
2021-04-29,-0.02505763806402683
2021-04-30,0.04791728407144547
2021-05-03,-0.03459063172340393
2021-05-04,-0.01649883016943932
2021-05-05,-0.003948891535401344
2021-05-06,-0.01102933846414089
2021-05-07,0.01330743823200464
2021-05-10,-0.06444370746612549
2021-05-11,-0.01882227882742882
2021-05-12,-0.04424821212887764
2021-05-13,-0.03085323050618172
2021-05-14,0.03157303482294083
2021-05-17,-0.02189095690846443
2021-05-18,0.001802919432520866
2021-05-19,-0.02493635751307011
2021-05-20,0.0413871556520462
2021-05-21,-0.01005491707473993
2021-05-24,0.04400219768285751
2021-05-25,-0.00288569345138967
2021-05-26,0.0238800086081028
2021-05-27,0.0189297404140234
2021-05-28,-0.008924474939703941
2021-06-01,-0.002111171139404178
2021-06-02,-0.03010102361440659
2021-06-03,-0.0533447377383709
2021-06-04,0.04575441777706146
2021-06-07,0.01014943234622478
2021-06-08,-0.002544871298596263
2021-06-09,-0.007968980818986893
2021-06-10,0.0189384501427412
2021-06-11,-0.000376943004084751
2021-06-14,0.01278917118906975
2021-06-15,-0.02967510744929314
2021-06-16,0.00919315591454506
2021-06-17,0.01939256489276886
2021-06-18,0.01088229380548
2021-06-21,-0.003978727385401726
2021-06-22,0.004638958722352982
2021-06-23,0.0526847168803215
2021-06-24,0.03541130200028419
2021-06-25,-0.0116942897439003
2021-06-28,0.02507922053337097
2021-06-29,-0.01155761629343033
2021-06-30,-0.00155707960948348
2021-07-01,-0.002618845552206039
2021-07-02,0.001445659552700818
2021-07-06,-0.02845780923962593
2021-07-07,-0.02263560518622398
2021-07-08,0.01265798974782228
2021-07-09,0.006341836880892515
2021-07-12,0.04376284405589104
2021-07-13,-0.02502557076513767
2021-07-14,-0.02267624065279961
2021-07-15,-0.004254843108355999
2021-07-16,-0.00980634056031704
2021-07-19,0.003104529576376081
2021-07-20,0.02209778316318989
2021-07-21,-0.00788799673318863
2021-07-22,-0.009201984852552414
2021-07-23,-0.009056471288204193
2021-07-26,0.02213309332728386
2021-07-27,-0.01952490210533142
2021-07-28,0.003411940531805158
2021-07-29,0.04694116488099098
2021-07-30,0.01454201992601156
2021-08-02,0.03269786015152931
2021-08-03,9.864771709544584e-05
2021-08-04,0.001662570401094854
2021-08-05,0.005218620877712965
2021-08-06,-0.02173156663775444
2021-08-09,0.02096986770629883
2021-08-10,-0.005281914956867695
2021-08-11,-0.003056357149034739
2021-08-12,0.02038652822375298
2021-08-13,-0.007033599074929953
2021-08-16,-0.04322545602917671
2021-08-17,-0.02981762774288654
2021-08-18,0.03497013449668884
2021-08-19,-0.02252575382590294
2021-08-20,0.01008217036724091
2021-08-23,0.0382794477045536
2021-08-24,0.003100669011473656
2021-08-25,0.0038250673096627
2021-08-26,-0.0141170397400856
2021-08-27,0.01534601300954819
2021-08-30,0.02667433209717274
2021-08-31,0.006580834276974201
2021-09-01,-0.002215440617874265
2021-09-02,-0.002315808786079288
2021-09-03,0.001611153362318873
2021-09-07,0.02637781761586666
2021-09-08,0.0012617704924196
2021-09-09,0.001313210814259946
2021-09-10,-0.02462703920900822
2021-09-13,0.009140641428530216
2021-09-14,0.002005370333790779
2021-09-15,0.01523193996399641
2021-09-16,0.001534701092168689
2021-09-17,0.003302553668618202
2021-09-20,-0.03860486298799515
2021-09-21,0.01261353120207787
2021-09-22,0.01698720268905163
2021-09-23,0.002260834909975529
2021-09-24,0.02753303945064545
2021-09-27,0.02191398479044437
2021-09-28,-0.01743831858038902
2021-09-29,0.004822778981178999
2021-09-30,-0.007461848668754101
2021-10-01,-0.0003352888161316514
2021-10-04,0.008139700628817081
2021-10-05,-0.001202772022224963
2021-10-06,0.002767103258520365
2021-10-07,0.01387414243072271
2021-10-08,-0.01023172028362751
2021-10-11,0.008211450651288033
2021-10-12,0.01740026846528053
2021-10-13,0.00665249302983284
2021-10-14,0.00892635714262724
2021-10-15,0.03019603714346886
2021-10-18,0.0321221724152565
2021-10-19,-0.006711755879223347
2021-10-20,0.001770243397913873
2021-10-21,0.03257104754447937
2021-10-22,0.01753914169967175
2021-10-25,0.1266159415245056
2021-10-26,-0.00627402076497674
2021-10-27,0.01907837763428688
2021-10-28,0.03775081038475037
2021-10-29,0.03431623801589012
2021-11-01,0.08491019904613495
2021-11-02,-0.03027492016553879
2021-11-03,0.035716712474823
2021-11-04,0.01322232279926538
2021-11-05,-0.006358243990689516
2021-11-08,-0.04840071126818657
2021-11-09,-0.1199029609560966
2021-11-10,0.04342935979366302
2021-11-11,-0.004157443530857563
2021-11-12,-0.02829307317733765
2021-11-15,-0.01938227377831936
2021-11-16,0.04079373553395271
2021-11-17,0.03250123560428619
2021-11-18,0.006767610087990761
2021-11-19,0.03710397332906723
2021-11-22,0.01742206700146198
2021-11-23,-0.04135293141007423
2021-11-24,0.006284744944423437
2021-11-26,-0.03053759410977364
2021-11-29,0.05090019851922989
2021-11-30,0.006833850406110287
2021-12-01,-0.04346763342618942
2021-12-02,-0.009497739374637604
2021-12-03,-0.06419879198074341
2021-12-06,-0.005872056353837252
2021-12-07,0.04235834255814552
2021-12-08,0.01636316627264023
2021-12-09,-0.06095642223954201
2021-12-10,0.0131799578666687
2021-12-13,-0.04977243021130562
2021-12-14,-0.008174546994268894
2021-12-15,0.01823661662638187
2021-12-16,-0.05027716234326363
2021-12-17,0.006095482502132654
2021-12-20,-0.03498933464288712
2021-12-21,0.04288066551089287
2021-12-22,0.07494695484638214
2021-12-23,0.05761892348527908
2021-12-27,0.02524830587208271
2021-12-28,-0.005000247620046139
2021-12-29,-0.002094710245728493
2021-12-30,-0.01459226850420237
2021-12-31,-0.01266881264746189
2022-01-03,0.1353167146444321
2022-01-04,-0.04183272272348404
2022-01-05,-0.05347121506929398
2022-01-06,-0.02152340114116669
2022-01-07,-0.03544659540057182
2022-01-10,0.03034201450645924
2022-01-11,0.005935082212090492
2022-01-12,0.039289690554142
2022-01-13,-0.06749101728200912
2022-01-14,0.01749769784510136
2022-01-18,-0.01819721236824989
2022-01-19,-0.03382789716124535
2022-01-20,0.0006227038684301078
2022-01-21,-0.05256606638431549
2022-01-24,-0.01472616195678711
2022-01-25,-0.01247309241443872
2022-01-26,0.02069898508489132
2022-01-27,-0.1155417561531067
2022-01-28,0.02080569416284561
2022-01-31,0.1067761555314064
2022-02-01,-0.005839494056999683
2022-02-02,-0.02747922390699387
2022-02-03,-0.01603246107697487
2022-02-04,0.03611103817820549
2022-02-07,-0.0173070877790451
2022-02-08,0.01615708880126476
2022-02-09,0.01084598712623119
2022-02-10,-0.02945280261337757
2022-02-11,-0.04925099760293961
2022-02-14,0.01832559332251549
2022-02-15,0.05329083651304245
2022-02-16,0.001040753209963441
2022-02-17,-0.05094276368618011
2022-02-18,-0.02210303582251072
2022-02-22,-0.04136613756418228
2022-02-23,-0.0699792429804802
2022-02-24,0.04807345569133759
2022-02-25,0.01136403158307076
2022-02-28,0.07477743178606033
2022-03-01,-0.006962073501199484
2022-03-02,0.01795529574155807
2022-03-03,-0.04614217206835747
2022-03-04,-0.001191483344882727
2022-03-07,-0.04021276906132698
2022-03-08,0.02463397942483425
2022-03-09,0.04193346202373505
2022-03-10,-0.02406368590891361
2022-03-11,-0.0512346550822258
2022-03-14,-0.0364367663860321
2022-03-15,0.04634839668869972
2022-03-16,0.04781199991703033
2022-03-17,0.03733501210808754
2022-03-18,0.03876782953739166
2022-03-21,0.01741786301136017
2022-03-22,0.07905250787734985
2022-03-23,0.005161074455827475
2022-03-24,0.01482319086790085
2022-03-25,-0.003234938019886613
2022-03-28,0.08034507930278778
2022-03-29,0.007079774048179388
2022-03-30,-0.005074671469628811
2022-03-31,-0.01498186867684126
